--Pitt Tours sample data
--Ariella Hanna(ard71) and Alex Honeygosky(ach53)

--Airline sample data
insert into Airline
values('01','United Airlines', 'UAL',1931);
insert into Airline
values('02','All Nippon Airways', 'ANA',1952);
insert into Airline
values('03','Delta Air Lines', 'DAL',1924);
insert into Airline
values('04','American Airlines', 'AAL',2013);
insert into Airline
values('05','Southwest Airlines', 'SWA',1967);
insert into Airline
values('06','Spirit Airlines', 'SAL',1980);
insert into Airline
values('07','Hawaiian Airlines', 'HAL',1929);
insert into Airline
values('08','Air Canada', 'ACA',1937);
insert into Airline
values('09','JetBlue', 'JBU',1998);
insert into Airline
values('10','Virgin Atlantic', 'VAL',1984);
commit;

--Plane sample data
insert into Plane values ('B737', 'Boeing', 443, to_date('10-01-2015','MM-DD-YYYY'), 2004, '01');
insert into Plane values ('A320', 'Airbus', 476, to_date('10-01-2015','MM-DD-YYYY'), 1986, '02');
insert into Plane values ('E145', 'Embraer', 226, to_date('10-01-2015','MM-DD-YYYY'), 2015, '03');
insert into Plane values ('B737', 'Boeing', 408, to_date('10-01-2015','MM-DD-YYYY'), 2014, '04');
insert into Plane values ('A320', 'Airbus', 445, to_date('10-01-2015','MM-DD-YYYY'), 2012, '05');
insert into Plane values ('E145', 'Embraer', 474, to_date('10-01-2015','MM-DD-YYYY'), 1980, '06');
insert into Plane values ('B737', 'Boeing', 193, to_date('10-01-2015','MM-DD-YYYY'), 1985, '07');
insert into Plane values ('A320', 'Airbus', 219, to_date('10-01-2015','MM-DD-YYYY'), 1983, '08');
insert into Plane values ('E145', 'Embraer', 463, to_date('10-01-2015','MM-DD-YYYY'), 1983, '09');
insert into Plane values ('B737', 'Boeing', 169, to_date('10-01-2015','MM-DD-YYYY'), 1994, '10');
insert into Plane values ('A320', 'Airbus', 405, to_date('10-01-2015','MM-DD-YYYY'), 2003, '01');
insert into Plane values ('E145', 'Embraer', 160, to_date('10-01-2015','MM-DD-YYYY'), 1980, '02');
insert into Plane values ('B737', 'Boeing', 257, to_date('10-01-2015','MM-DD-YYYY'), 2005, '03');
insert into Plane values ('A320', 'Airbus', 294, to_date('10-01-2015','MM-DD-YYYY'), 1983, '04');
insert into Plane values ('E145', 'Embraer', 315, to_date('10-01-2015','MM-DD-YYYY'), 1997, '05');
insert into Plane values ('B737', 'Boeing', 405, to_date('10-01-2015','MM-DD-YYYY'), 2001, '06');
insert into Plane values ('A320', 'Airbus', 175, to_date('10-01-2015','MM-DD-YYYY'), 1998, '07');
insert into Plane values ('E145', 'Embraer', 165, to_date('10-01-2015','MM-DD-YYYY'), 2002, '08');
insert into Plane values ('B737', 'Boeing', 190, to_date('10-01-2015','MM-DD-YYYY'), 2007, '09');
insert into Plane values ('A320', 'Airbus', 124, to_date('10-01-2015','MM-DD-YYYY'), 2009, '10');
insert into Plane values ('E145', 'Embraer', 166, to_date('10-01-2015','MM-DD-YYYY'), 1982, '01');
insert into Plane values ('B737', 'Boeing', 425, to_date('10-01-2015','MM-DD-YYYY'), 1994, '02');
insert into Plane values ('A320', 'Airbus', 364, to_date('10-01-2015','MM-DD-YYYY'), 1989, '03');
insert into Plane values ('E145', 'Embraer', 346, to_date('10-01-2015','MM-DD-YYYY'), 2009, '04');
insert into Plane values ('B737', 'Boeing', 208, to_date('10-01-2015','MM-DD-YYYY'), 2011, '05');
insert into Plane values ('A320', 'Airbus', 491, to_date('10-01-2015','MM-DD-YYYY'), 1984, '06');
insert into Plane values ('E145', 'Embraer', 489, to_date('10-01-2015','MM-DD-YYYY'), 1994, '07');
insert into Plane values ('B737', 'Boeing', 168, to_date('10-01-2015','MM-DD-YYYY'), 2011, '08');
insert into Plane values ('A320', 'Airbus', 315, to_date('10-01-2015','MM-DD-YYYY'), 1982, '09');
insert into Plane values ('E145', 'Embraer', 386, to_date('10-01-2015','MM-DD-YYYY'), 2005, '10');
commit;

--Flight sample data
insert into Flight values ('001', '01', 'B737', 'PIT', 'DFW', '1028', '0927', 'SMT-T-S');
insert into Flight values ('002', '02', 'A320', 'PIT', 'JFK', '0514', '0132', 'SMT-T-S');
insert into Flight values ('003', '03', 'E145', 'PIT', 'DCA', '1511', '0959', 'SMT-T-S');
insert into Flight values ('004', '04', 'B737', 'PIT', 'PHI', '2344', '1338', 'S-----S');
insert into Flight values ('005', '05', 'A320', 'PIT', 'CLT', '2110', '2318', 'S-----S');
insert into Flight values ('006', '06', 'E145', 'PIT', 'DEN', '1821', '0451', 'SMT-T-S');
insert into Flight values ('007', '07', 'B737', 'PIT', 'SEA', '0100', '0624', 'SMTWTFS');
insert into Flight values ('008', '08', 'A320', 'PIT', 'LAX', '0401', '0112', 'SMTWTFS');
insert into Flight values ('009', '09', 'E145', 'PIT', 'LGA', '0213', '0634', 'SMT-T-S');
insert into Flight values ('010', '10', 'B737', 'PIT', 'NWK', '1706', '1358', 'SMTWTFS');
insert into Flight values ('011', '01', 'A320', 'JFK', 'PIT', '0846', '0913', '-MTWTF-');
insert into Flight values ('012', '02', 'E145', 'JFK', 'DFW', '0330', '0258', '-MTWTF-');
insert into Flight values ('013', '03', 'B737', 'JFK', 'DCA', '0541', '0008', '-MTWTF-');
insert into Flight values ('014', '04', 'A320', 'JFK', 'PHI', '0340', '0415', 'SMTWTFS');
insert into Flight values ('015', '05', 'E145', 'JFK', 'CLT', '0109', '0236', '-MTWTF-');
insert into Flight values ('016', '06', 'B737', 'JFK', 'DEN', '1531', '1812', 'SMT-T-S');
insert into Flight values ('017', '07', 'A320', 'JFK', 'SEA', '1422', '2249', 'SMT-T-S');
insert into Flight values ('018', '08', 'E145', 'JFK', 'LAX', '2215', '2211', 'SMTWTFS');
insert into Flight values ('019', '09', 'B737', 'JFK', 'LGA', '1541', '0225', 'SMTWTFS');
insert into Flight values ('020', '10', 'A320', 'JFK', 'NWK', '1604', '2338', 'SMT-T-S');
insert into Flight values ('021', '01', 'E145', 'DCA', 'PIT', '1147', '0138', 'SMTWTFS');
insert into Flight values ('022', '02', 'B737', 'DCA', 'JFK', '0632', '0926', '-MTWTF-');
insert into Flight values ('023', '03', 'A320', 'DCA', 'DFW', '0605', '1747', 'S-----S');
insert into Flight values ('024', '04', 'E145', 'DCA', 'PHI', '2145', '1252', 'SMT-T-S');
insert into Flight values ('025', '05', 'B737', 'DCA', 'CLT', '1045', '1457', 'SMT-T-S');
insert into Flight values ('026', '06', 'A320', 'DCA', 'DEN', '1136', '2142', '-MTWTF-');
insert into Flight values ('027', '07', 'E145', 'DCA', 'SEA', '1531', '2111', 'SMT-T-S');
insert into Flight values ('028', '08', 'B737', 'DCA', 'LAX', '0111', '2347', 'S-----S');
insert into Flight values ('029', '09', 'A320', 'DCA', 'LGA', '1456', '2256', 'S-----S');
insert into Flight values ('030', '10', 'E145', 'DCA', 'NWK', '1101', '1722', 'SMT-T-S');
insert into Flight values ('031', '01', 'B737', 'PHI', 'PIT', '0750', '2029', '-MTWTF-');
insert into Flight values ('032', '02', 'A320', 'PHI', 'JFK', '1229', '0310', 'SMT-T-S');
insert into Flight values ('033', '03', 'E145', 'PHI', 'DCA', '1504', '1428', '-MTWTF-');
insert into Flight values ('034', '04', 'B737', 'PHI', 'DFW', '2013', '2003', 'SMTWTFS');
insert into Flight values ('035', '05', 'A320', 'PHI', 'CLT', '1323', '0726', '-MTWTF-');
insert into Flight values ('036', '06', 'E145', 'PHI', 'DEN', '0935', '1246', 'SMTWTFS');
insert into Flight values ('037', '07', 'B737', 'PHI', 'SEA', '0618', '2325', 'SMT-T-S');
insert into Flight values ('038', '08', 'A320', 'PHI', 'LAX', '1640', '0409', 'S-----S');
insert into Flight values ('039', '09', 'E145', 'PHI', 'LGA', '1857', '1328', 'SMT-T-S');
insert into Flight values ('040', '10', 'B737', 'PHI', 'NWK', '0943', '2302', 'SMTWTFS');
insert into Flight values ('041', '01', 'A320', 'CLT', 'PIT', '2357', '1306', '-MTWTF-');
insert into Flight values ('042', '02', 'E145', 'CLT', 'JFK', '1327', '0831', 'SMTWTFS');
insert into Flight values ('043', '03', 'B737', 'CLT', 'DCA', '2209', '0600', 'SMTWTFS');
insert into Flight values ('044', '04', 'A320', 'CLT', 'PHI', '1438', '0711', 'SMTWTFS');
insert into Flight values ('045', '05', 'E145', 'CLT', 'DFW', '0114', '0835', 'SMT-T-S');
insert into Flight values ('046', '06', 'B737', 'CLT', 'DEN', '1939', '1559', 'SMT-T-S');
insert into Flight values ('047', '07', 'A320', 'CLT', 'SEA', '1547', '0436', 'SMT-T-S');
insert into Flight values ('048', '08', 'E145', 'CLT', 'LAX', '0208', '2220', 'S-----S');
insert into Flight values ('049', '09', 'B737', 'CLT', 'LGA', '0159', '0249', 'SMTWTFS');
insert into Flight values ('050', '10', 'A320', 'CLT', 'NWK', '0130', '0055', 'SMTWTFS');
insert into Flight values ('051', '01', 'E145', 'DEN', 'PIT', '0549', '2129', '-MTWTF-');
insert into Flight values ('052', '02', 'B737', 'DEN', 'JFK', '0706', '0421', 'SMT-T-S');
insert into Flight values ('053', '03', 'A320', 'DEN', 'DCA', '0742', '0236', 'S-----S');
insert into Flight values ('054', '04', 'E145', 'DEN', 'PHI', '1754', '2343', '-MTWTF-');
insert into Flight values ('055', '05', 'B737', 'DEN', 'CLT', '0642', '0628', 'SMTWTFS');
insert into Flight values ('056', '06', 'A320', 'DEN', 'DFW', '0526', '1832', 'S-----S');
insert into Flight values ('057', '07', 'E145', 'DEN', 'SEA', '0736', '1343', 'SMTWTFS');
insert into Flight values ('058', '08', 'B737', 'DEN', 'LAX', '1917', '1516', 'SMT-T-S');
insert into Flight values ('059', '09', 'A320', 'DEN', 'LGA', '0550', '0302', 'SMTWTFS');
insert into Flight values ('060', '10', 'E145', 'DEN', 'NWK', '1154', '1623', 'S-----S');
insert into Flight values ('061', '01', 'B737', 'SEA', 'PIT', '1908', '1103', '-MTWTF-');
insert into Flight values ('062', '02', 'A320', 'SEA', 'JFK', '0015', '0328', 'SMT-T-S');
insert into Flight values ('063', '03', 'E145', 'SEA', 'DCA', '0453', '1321', 'S-----S');
insert into Flight values ('064', '04', 'B737', 'SEA', 'PHI', '2025', '0440', 'S-----S');
insert into Flight values ('065', '05', 'A320', 'SEA', 'CLT', '0251', '1626', 'S-----S');
insert into Flight values ('066', '06', 'E145', 'SEA', 'DEN', '1422', '0513', '-MTWTF-');
insert into Flight values ('067', '07', 'B737', 'SEA', 'DFW', '0723', '0214', '-MTWTF-');
insert into Flight values ('068', '08', 'A320', 'SEA', 'LAX', '0930', '2228', 'SMTWTFS');
insert into Flight values ('069', '09', 'E145', 'SEA', 'LGA', '0410', '1747', 'SMT-T-S');
insert into Flight values ('070', '10', 'B737', 'SEA', 'NWK', '1513', '1407', 'S-----S');
insert into Flight values ('071', '01', 'A320', 'LAX', 'PIT', '0728', '0602', '-MTWTF-');
insert into Flight values ('072', '02', 'E145', 'LAX', 'JFK', '1357', '0919', '-MTWTF-');
insert into Flight values ('073', '03', 'B737', 'LAX', 'DCA', '1917', '0747', 'SMTWTFS');
insert into Flight values ('074', '04', 'A320', 'LAX', 'PHI', '0044', '0109', 'S-----S');
insert into Flight values ('075', '05', 'E145', 'LAX', 'CLT', '0108', '1150', 'SMTWTFS');
insert into Flight values ('076', '06', 'B737', 'LAX', 'DEN', '0908', '0448', 'S-----S');
insert into Flight values ('077', '07', 'A320', 'LAX', 'SEA', '1318', '0134', '-MTWTF-');
insert into Flight values ('078', '08', 'E145', 'LAX', 'DFW', '0450', '1524', '-MTWTF-');
insert into Flight values ('079', '09', 'B737', 'LAX', 'LGA', '0555', '1637', 'S-----S');
insert into Flight values ('080', '10', 'A320', 'LAX', 'NWK', '0220', '1636', 'SMTWTFS');
insert into Flight values ('081', '01', 'E145', 'LGA', 'PIT', '1133', '2008', 'S-----S');
insert into Flight values ('082', '02', 'B737', 'LGA', 'JFK', '0127', '0842', 'SMT-T-S');
insert into Flight values ('083', '03', 'A320', 'LGA', 'DCA', '2202', '1708', '-MTWTF-');
insert into Flight values ('084', '04', 'E145', 'LGA', 'PHI', '1423', '1338', 'SMT-T-S');
insert into Flight values ('085', '05', 'B737', 'LGA', 'CLT', '1426', '1526', 'SMTWTFS');
insert into Flight values ('086', '06', 'A320', 'LGA', 'DEN', '1005', '0322', 'SMTWTFS');
insert into Flight values ('087', '07', 'E145', 'LGA', 'SEA', '1937', '0550', 'SMT-T-S');
insert into Flight values ('088', '08', 'B737', 'LGA', 'LAX', '1303', '1359', 'S-----S');
insert into Flight values ('089', '09', 'A320', 'LGA', 'DFW', '1033', '0129', '-MTWTF-');
insert into Flight values ('090', '10', 'E145', 'LGA', 'NWK', '2309', '1844', 'S-----S');
insert into Flight values ('091', '01', 'B737', 'NWK', 'PIT', '0444', '0628', 'SMTWTFS');
insert into Flight values ('092', '02', 'A320', 'NWK', 'JFK', '2312', '1814', 'SMT-T-S');
insert into Flight values ('093', '03', 'E145', 'NWK', 'DCA', '2031', '1122', '-MTWTF-');
insert into Flight values ('094', '04', 'B737', 'NWK', 'PHI', '1144', '1203', 'SMT-T-S');
insert into Flight values ('095', '05', 'A320', 'NWK', 'CLT', '2255', '0436', '-MTWTF-');
insert into Flight values ('096', '06', 'E145', 'NWK', 'DEN', '1109', '2000', 'SMT-T-S');
insert into Flight values ('097', '07', 'B737', 'NWK', 'SEA', '1954', '2221', '-MTWTF-');
insert into Flight values ('098', '08', 'A320', 'NWK', 'LAX', '0020', '1014', 'SMT-T-S');
insert into Flight values ('099', '09', 'E145', 'NWK', 'LGA', '0116', '1519', 'S-----S');
insert into Flight values ('100', '10', 'B737', 'NWK', 'DFW', '1856', '1952', 'S-----S');
commit;

--Price sample data
insert into Price  values ('PIT', 'DFW', '01', 130, 70);
insert into Price  values ('PIT', 'JFK', '02', 145, 132);
insert into Price  values ('PIT', 'DCA', '03', 236, 70);
insert into Price  values ('PIT', 'PHI', '04', 230, 118);
insert into Price  values ('PIT', 'CLT', '05', 250, 171);
insert into Price  values ('PIT', 'DEN', '06', 229, 125);
insert into Price  values ('PIT', 'SEA', '07', 228, 100);
insert into Price  values ('PIT', 'LAX', '08', 263, 249);
insert into Price  values ('PIT', 'LGA', '09', 210, 153);
insert into Price  values ('PIT', 'NWK', '10', 198, 70);
insert into Price  values ('JFK', 'PIT', '01', 231, 136);
insert into Price  values ('JFK', 'DFW', '02', 219, 81);
insert into Price  values ('JFK', 'DCA', '03', 165, 70);
insert into Price  values ('JFK', 'PHI', '04', 163, 128);
insert into Price  values ('JFK', 'CLT', '05', 273, 139);
insert into Price  values ('JFK', 'DEN', '06', 262, 159);
insert into Price  values ('JFK', 'SEA', '07', 103, 85);
insert into Price  values ('JFK', 'LAX', '08', 281, 175);
insert into Price  values ('JFK', 'LGA', '09', 119, 70);
insert into Price  values ('JFK', 'NWK', '10', 105, 70);
insert into Price  values ('DCA', 'PIT', '01', 281, 210);
insert into Price  values ('DCA', 'JFK', '02', 115, 70);
insert into Price  values ('DCA', 'DFW', '03', 210, 121);
insert into Price  values ('DCA', 'PHI', '04', 256, 140);
insert into Price  values ('DCA', 'CLT', '05', 221, 204);
insert into Price  values ('DCA', 'DEN', '06', 138, 70);
insert into Price  values ('DCA', 'SEA', '07', 221, 99);
insert into Price  values ('DCA', 'LAX', '08', 133, 70);
insert into Price  values ('DCA', 'LGA', '09', 271, 84);
insert into Price  values ('DCA', 'NWK', '10', 291, 100);
insert into Price  values ('PHI', 'PIT', '01', 135, 90);
insert into Price  values ('PHI', 'JFK', '02', 241, 134);
insert into Price  values ('PHI', 'DCA', '03', 267, 149);
insert into Price  values ('PHI', 'DFW', '04', 196, 140);
insert into Price  values ('PHI', 'CLT', '05', 73, 70);
insert into Price  values ('PHI', 'DEN', '06', 149, 70);
insert into Price  values ('PHI', 'SEA', '07', 79, 70);
insert into Price  values ('PHI', 'LAX', '08', 193, 117);
insert into Price  values ('PHI', 'LGA', '09', 228, 185);
insert into Price  values ('PHI', 'NWK', '10', 293, 74);
insert into Price  values ('CLT', 'PIT', '01', 106, 70);
insert into Price  values ('CLT', 'JFK', '02', 181, 111);
insert into Price  values ('CLT', 'DCA', '03', 114, 70);
insert into Price  values ('CLT', 'PHI', '04', 260, 118);
insert into Price  values ('CLT', 'DFW', '05', 78, 70);
insert into Price  values ('CLT', 'DEN', '06', 254, 108);
insert into Price  values ('CLT', 'SEA', '07', 175, 88);
insert into Price  values ('CLT', 'LAX', '08', 80, 70);
insert into Price  values ('CLT', 'LGA', '09', 226, 225);
insert into Price  values ('CLT', 'NWK', '10', 119, 70);
insert into Price  values ('DEN', 'PIT', '01', 185, 70);
insert into Price  values ('DEN', 'JFK', '02', 147, 94);
insert into Price  values ('DEN', 'DCA', '03', 114, 95);
insert into Price  values ('DEN', 'PHI', '04', 287, 110);
insert into Price  values ('DEN', 'CLT', '05', 79, 70);
insert into Price  values ('DEN', 'DFW', '06', 248, 96);
insert into Price  values ('DEN', 'SEA', '07', 110, 70);
insert into Price  values ('DEN', 'LAX', '08', 101, 70);
insert into Price  values ('DEN', 'LGA', '09', 290, 116);
insert into Price  values ('DEN', 'NWK', '10', 154, 70);
insert into Price  values ('SEA', 'PIT', '01', 181, 70);
insert into Price  values ('SEA', 'JFK', '02', 124, 70);
insert into Price  values ('SEA', 'DCA', '03', 259, 255);
insert into Price  values ('SEA', 'PHI', '04', 224, 170);
insert into Price  values ('SEA', 'CLT', '05', 212, 172);
insert into Price  values ('SEA', 'DEN', '06', 81, 70);
insert into Price  values ('SEA', 'DFW', '07', 196, 82);
insert into Price  values ('SEA', 'LAX', '08', 244, 70);
insert into Price  values ('SEA', 'LGA', '09', 207, 139);
insert into Price  values ('SEA', 'NWK', '10', 144, 127);
insert into Price  values ('LAX', 'PIT', '01', 273, 152);
insert into Price  values ('LAX', 'JFK', '02', 76, 70);
insert into Price  values ('LAX', 'DCA', '03', 199, 148);
insert into Price  values ('LAX', 'PHI', '04', 203, 70);
insert into Price  values ('LAX', 'CLT', '05', 240, 174);
insert into Price  values ('LAX', 'DEN', '06', 101, 78);
insert into Price  values ('LAX', 'SEA', '07', 89, 70);
insert into Price  values ('LAX', 'DFW', '08', 154, 81);
insert into Price  values ('LAX', 'LGA', '09', 226, 70);
insert into Price  values ('LAX', 'NWK', '10', 111, 70);
insert into Price  values ('LGA', 'PIT', '01', 117, 113);
insert into Price  values ('LGA', 'JFK', '02', 257, 162);
insert into Price  values ('LGA', 'DCA', '03', 135, 116);
insert into Price  values ('LGA', 'PHI', '04', 244, 165);
insert into Price  values ('LGA', 'CLT', '05', 296, 295);
insert into Price  values ('LGA', 'DEN', '06', 141, 108);
insert into Price  values ('LGA', 'SEA', '07', 233, 70);
insert into Price  values ('LGA', 'LAX', '08', 84, 70);
insert into Price  values ('LGA', 'DFW', '09', 278, 231);
insert into Price  values ('LGA', 'NWK', '10', 102, 70);
insert into Price  values ('NWK', 'PIT', '01', 116, 70);
insert into Price  values ('NWK', 'JFK', '02', 264, 111);
insert into Price  values ('NWK', 'DCA', '03', 248, 111);
insert into Price  values ('NWK', 'PHI', '04', 138, 73);
insert into Price  values ('NWK', 'CLT', '05', 203, 151);
insert into Price  values ('NWK', 'DEN', '06', 161, 160);
insert into Price  values ('NWK', 'SEA', '07', 121, 70);
insert into Price  values ('NWK', 'LAX', '08', 72, 70);
insert into Price  values ('NWK', 'LGA', '09', 104, 70);
insert into Price  values ('NWK', 'DFW', '10', 158, 70);
commit;

--Sample customer data
insert into Customer values ('000000001', 'Ms', 'Kenneth', 'Watson', '8610343497282827', to_date('09-18','MM-YY'), 'Village', 'Austin', 'TX', '3784615938', 'kwatson0@arstechnica.com', '96256');
insert into Customer values ('000000002', 'Mrs', 'Nancy', 'Diaz', '8565414096498239', to_date('09-18','MM-YY'), 'Tomscot', 'Macon', 'GA', '7288380756', 'ndiaz1@simplemachines.org', '53371');
insert into Customer values ('000000003', 'Ms', 'Deborah', 'Nichols', '0681347825184432', to_date('09-18','MM-YY'), 'Delladonna', 'Miami', 'FL', '3433990578', 'dnichols2@technorati.com', '06054');
insert into Customer values ('000000004', 'Mrs', 'Donald', 'Grant', '2390924258171398', to_date('09-18','MM-YY'), 'Canary', 'Albany', 'NY', '0763853267', 'dgrant3@paypal.com', '42298');
insert into Customer values ('000000005', 'Ms', 'Andrea', 'Davis', '7357529295640021', to_date('09-18','MM-YY'), 'Donald', 'Hayward', 'CA', '0699337689', 'adavis4@desdev.cn', '41409');
insert into Customer values ('000000006', 'Mrs', 'Kimberly', 'James', '9100396690726559', to_date('09-18','MM-YY'), 'Lake View', 'Gainesville', 'GA', '2740111547', 'kjames5@behance.net', '22261');
insert into Customer values ('000000007', 'Mr', 'Diane', 'Taylor', '2660497274894544', to_date('09-18','MM-YY'), 'Scott', 'West Palm Beach', 'FL', '5180566021', 'dtaylor6@163.com', '88260');
insert into Customer values ('000000008', 'Ms', 'John', 'Woods', '8749437727199747', to_date('09-18','MM-YY'), 'Surrey', 'Berkeley', 'CA', '3576433466', 'jwoods7@vk.com', '78095');
insert into Customer values ('000000009', 'Mrs', 'Frances', 'Reyes', '6452080845077052', to_date('09-18','MM-YY'), 'Texas', 'Santa Barbara', 'CA', '4493063810', 'freyes8@parallels.com', '11333');
insert into Customer values ('000000010', 'Mr', 'Todd', 'Riley', '1101690634132745', to_date('09-18','MM-YY'), 'Tennyson', 'Gainesville', 'FL', '7871227941', 'triley9@hatena.ne.jp', '35221');
insert into Customer values ('000000011', 'Ms', 'Douglas', 'Parker', '7674717795161254', to_date('09-18','MM-YY'), 'Green Ridge', 'Las Vegas', 'NV', '4175785694', 'dparkera@google.co.jp', '57097');
insert into Customer values ('000000012', 'Ms', 'Sharon', 'Phillips', '4526076414253271', to_date('09-18','MM-YY'), 'School', 'Bakersfield', 'CA', '7714852126', 'sphillipsb@skyrock.com', '22235');
insert into Customer values ('000000013', 'Ms', 'Kevin', 'Gibson', '8088098277789867', to_date('09-18','MM-YY'), 'Little Fleur', 'San Diego', 'CA', '5907983345', 'kgibsonc@ifeng.com', '56018');
insert into Customer values ('000000014', 'Ms', 'Irene', 'Perry', '0996132854429841', to_date('09-18','MM-YY'), 'Raven', 'New York City', 'NY', '2788497806', 'iperryd@utexas.edu', '09999');
insert into Customer values ('000000015', 'Mrs', 'Lisa', 'Marshall', '9366289935297286', to_date('09-18','MM-YY'), 'Caliangt', 'Loretto', 'MN', '7912272766', 'lmarshalle@unc.edu', '64519');
insert into Customer values ('000000016', 'Mrs', 'Roy', 'Oliver', '5231625646435139', to_date('09-18','MM-YY'), 'Golf View', 'Tampa', 'FL', '1864147160', 'roliverf@wikispaces.com', '48017');
insert into Customer values ('000000017', 'Mr', 'Kelly', 'Richardson', '0194150473283117', to_date('09-18','MM-YY'), 'Dakota', 'Columbus', 'OH', '2033996589', 'krichardsong@cpanel.net', '49548');
insert into Customer values ('000000018', 'Ms', 'Shirley', 'Bishop', '4464183113569306', to_date('09-18','MM-YY'), 'Towne', 'Bloomington', 'IL', '2496895821', 'sbishoph@discovery.com', '97037');
insert into Customer values ('000000019', 'Mrs', 'Sara', 'Daniels', '0298825405141604', to_date('09-18','MM-YY'), 'Knutson', 'Mansfield', 'OH', '8745269703', 'sdanielsi@123-reg.co.uk', '07853');
insert into Customer values ('000000020', 'Mrs', 'Heather', 'Kelly', '3919426135663468', to_date('09-18','MM-YY'), 'Golf', 'Chandler', 'AZ', '0572519216', 'hkellyj@tumblr.com', '12541');
insert into Customer values ('000000021', 'Ms', 'Nicole', 'Marshall', '8535791875394765', to_date('09-18','MM-YY'), 'Roxbury', 'Erie', 'PA', '1922363229', 'nmarshallk@qq.com', '76785');
insert into Customer values ('000000022', 'Mrs', 'Linda', 'Washington', '5560085343855860', to_date('09-18','MM-YY'), 'Clyde Gallagher', 'Miami', 'FL', '0005527153', 'lwashingtonl@tripadvisor.com', '74970');
insert into Customer values ('000000023', 'Mrs', 'Debra', 'Simpson', '7487696888695064', to_date('09-18','MM-YY'), 'Lyons', 'Austin', 'TX', '0741105276', 'dsimpsonm@blogs.com', '86027');
insert into Customer values ('000000024', 'Ms', 'Johnny', 'Wallace', '3871831095440628', to_date('09-18','MM-YY'), 'Calypso', 'Baltimore', 'MD', '7955784734', 'jwallacen@photobucket.com', '01674');
insert into Customer values ('000000025', 'Mrs', 'Earl', 'Morgan', '2927344213786969', to_date('09-18','MM-YY'), 'Stuart', 'Las Vegas', 'NV', '0454547323', 'emorgano@360.cn', '74132');
insert into Customer values ('000000026', 'Mr', 'Samuel', 'Jacobs', '8003049933480106', to_date('09-18','MM-YY'), 'Crowley', 'Charlotte', 'NC', '0057286655', 'sjacobsp@umn.edu', '31275');
insert into Customer values ('000000027', 'Ms', 'Margaret', 'Jacobs', '1393620068162950', to_date('09-18','MM-YY'), 'Sycamore', 'Herndon', 'VA', '2231153150', 'mjacobsq@smh.com.au', '82392');
insert into Customer values ('000000028', 'Ms', 'Jose', 'Patterson', '4512392010645929', to_date('09-18','MM-YY'), 'Golf', 'Minneapolis', 'MN', '7096004004', 'jpattersonr@ca.gov', '87024');
insert into Customer values ('000000029', 'Mrs', 'Lillian', 'Graham', '8460084863547817', to_date('09-18','MM-YY'), 'Arapahoe', 'Decatur', 'IL', '3029812867', 'lgrahams@cnet.com', '32145');
insert into Customer values ('000000030', 'Ms', 'Kathryn', 'Webb', '8035000456103259', to_date('09-18','MM-YY'), 'Loftsgordon', 'Tyler', 'TX', '6659293113', 'kwebbt@auda.org.au', '81572');
insert into Customer values ('000000031', 'Mr', 'Ralph', 'Duncan', '8258889079557012', to_date('09-18','MM-YY'), 'Schiller', 'Riverside', 'CA', '2053987633', 'rduncanu@1688.com', '89121');
insert into Customer values ('000000032', 'Mrs', 'Annie', 'Mills', '1251872276753580', to_date('09-18','MM-YY'), 'Kenwood', 'Boston', 'MA', '2064844235', 'amillsv@smh.com.au', '28085');
insert into Customer values ('000000033', 'Ms', 'Johnny', 'Hanson', '6480008201143263', to_date('09-18','MM-YY'), 'Heffernan', 'Honolulu', 'HI', '8829877448', 'jhansonw@newyorker.com', '93384');
insert into Customer values ('000000034', 'Mrs', 'Margaret', 'Peters', '5021543296563724', to_date('09-18','MM-YY'), 'Packers', 'Charleston', 'WV', '1419991598', 'mpetersx@army.mil', '98011');
insert into Customer values ('000000035', 'Mr', 'David', 'Wagner', '2395510154320971', to_date('09-18','MM-YY'), 'Buell', 'Albuquerque', 'NM', '6414767041', 'dwagnery@amazon.com', '56711');
insert into Customer values ('000000036', 'Mrs', 'Jeremy', 'Carr', '0519957597228119', to_date('09-18','MM-YY'), 'Cascade', 'Madison', 'WI', '9809267288', 'jcarrz@cbsnews.com', '95622');
insert into Customer values ('000000037', 'Ms', 'Joan', 'Stevens', '9749835705204230', to_date('09-18','MM-YY'), 'Orin', 'Bloomington', 'IN', '5505344306', 'jstevens10@earthlink.net', '23638');
insert into Customer values ('000000038', 'Mrs', 'Lois', 'Banks', '5862543211152446', to_date('09-18','MM-YY'), 'Almo', 'Hartford', 'CT', '6428558120', 'lbanks11@gizmodo.com', '71302');
insert into Customer values ('000000039', 'Ms', 'Walter', 'James', '3837419643340641', to_date('09-18','MM-YY'), 'West', 'Salt Lake City', 'UT', '7696949104', 'wjames12@wufoo.com', '71128');
insert into Customer values ('000000040', 'Ms', 'Jesse', 'Hunter', '0417616282283316', to_date('09-18','MM-YY'), 'Melody', 'Stockton', 'CA', '4337695661', 'jhunter13@cbslocal.com', '71328');
insert into Customer values ('000000041', 'Ms', 'Sean', 'Sims', '0368745213748793', to_date('09-18','MM-YY'), 'Daystar', 'Marietta', 'GA', '0477972861', 'ssims14@qq.com', '41990');
insert into Customer values ('000000042', 'Ms', 'Joe', 'Morris', '5992711983183461', to_date('09-18','MM-YY'), 'Calypso', 'Little Rock', 'AR', '9530786853', 'jmorris15@nature.com', '98139');
insert into Customer values ('000000043', 'Ms', 'Raymond', 'Meyer', '8023953843399288', to_date('09-18','MM-YY'), 'Shopko', 'Clearwater', 'FL', '8661436794', 'rmeyer16@t.co', '23117');
insert into Customer values ('000000044', 'Mr', 'Eric', 'Stevens', '1055727412700865', to_date('09-18','MM-YY'), 'Victoria', 'Independence', 'MO', '1341985635', 'estevens17@vk.com', '48856');
insert into Customer values ('000000045', 'Ms', 'Ralph', 'Freeman', '3735436788486651', to_date('09-18','MM-YY'), 'Vernon', 'South Bend', 'IN', '1916538364', 'rfreeman18@biglobe.ne.jp', '50297');
insert into Customer values ('000000046', 'Mrs', 'Jane', 'Garcia', '3500613237211365', to_date('09-18','MM-YY'), 'Bonner', 'Erie', 'PA', '3161707241', 'jgarcia19@wikispaces.com', '48795');
insert into Customer values ('000000047', 'Ms', 'Diane', 'Carter', '2238144263869913', to_date('09-18','MM-YY'), 'Anhalt', 'Evansville', 'IN', '3969412649', 'dcarter1a@howstuffworks.com', '41709');
insert into Customer values ('000000048', 'Mr', 'Jean', 'Webb', '4433168279062220', to_date('09-18','MM-YY'), 'Drewry', 'Charlotte', 'NC', '5703874432', 'jwebb1b@zdnet.com', '26413');
insert into Customer values ('000000049', 'Mr', 'Teresa', 'Cunningham', '5958919785768648', to_date('09-18','MM-YY'), 'Forster', 'Kansas City', 'MO', '0635019089', 'tcunningham1c@yelp.com', '07627');
insert into Customer values ('000000050', 'Ms', 'Ruby', 'Rose', '7005365358164359', to_date('09-18','MM-YY'), 'Esker', 'Santa Barbara', 'CA', '5041052656', 'rrose1d@theatlantic.com', '16604');
insert into Customer values ('000000051', 'Mr', 'Catherine', 'Alexander', '2420745100772121', to_date('09-18','MM-YY'), 'Aberg', 'Vero Beach', 'FL', '3341537743', 'calexander1e@dagondesign.com', '01952');
insert into Customer values ('000000052', 'Mr', 'Brenda', 'Ellis', '4460283951817683', to_date('09-18','MM-YY'), 'Prairie Rose', 'Lansing', 'MI', '0638289460', 'bellis1f@nsw.gov.au', '33840');
insert into Customer values ('000000053', 'Ms', 'Maria', 'Meyer', '1848495847109086', to_date('09-18','MM-YY'), 'Dorton', 'Rochester', 'NY', '1388043532', 'mmeyer1g@youtube.com', '52466');
insert into Customer values ('000000054', 'Mrs', 'Martha', 'Kennedy', '6578987936632554', to_date('09-18','MM-YY'), 'Crowley', 'Providence', 'RI', '8253065503', 'mkennedy1h@ox.ac.uk', '43235');
insert into Customer values ('000000055', 'Mrs', 'Roger', 'Meyer', '4028358311528505', to_date('09-18','MM-YY'), 'Glacier Hill', 'Pittsburgh', 'PA', '7317352201', 'rmeyer1i@tripadvisor.com', '02966');
insert into Customer values ('000000056', 'Mrs', 'Julia', 'Burns', '4942819530435595', to_date('09-18','MM-YY'), 'Stoughton', 'New York City', 'NY', '4275833443', 'jburns1j@imageshack.us', '52875');
insert into Customer values ('000000057', 'Ms', 'Jesse', 'Thompson', '9507780308508551', to_date('09-18','MM-YY'), 'Burrows', 'Arlington', 'VA', '0736531363', 'jthompson1k@kickstarter.com', '94491');
insert into Customer values ('000000058', 'Ms', 'Bobby', 'Olson', '2686751571939428', to_date('09-18','MM-YY'), 'John Wall', 'Oakland', 'CA', '4193270513', 'bolson1l@adobe.com', '95459');
insert into Customer values ('000000059', 'Ms', 'Patrick', 'Martinez', '3778938694364137', to_date('09-18','MM-YY'), 'Golf Course', 'Kent', 'WA', '4663578422', 'pmartinez1m@telegraph.co.uk', '16793');
insert into Customer values ('000000060', 'Mrs', 'Lawrence', 'Armstrong', '8833914234692871', to_date('09-18','MM-YY'), 'Del Mar', 'Shreveport', 'LA', '6334502060', 'larmstrong1n@mediafire.com', '67776');
insert into Customer values ('000000061', 'Mr', 'Dorothy', 'Holmes', '9313635006225414', to_date('09-18','MM-YY'), 'Lunder', 'Springfield', 'MO', '3190153220', 'dholmes1o@posterous.com', '64699');
insert into Customer values ('000000062', 'Mrs', 'Justin', 'Bailey', '4673964983129042', to_date('09-18','MM-YY'), 'Schlimgen', 'Las Cruces', 'NM', '5221888064', 'jbailey1p@google.co.jp', '08747');
insert into Customer values ('000000063', 'Mr', 'Linda', 'Green', '0534915670323867', to_date('09-18','MM-YY'), 'Bayside', 'Albany', 'NY', '1716057870', 'lgreen1q@wikispaces.com', '30482');
insert into Customer values ('000000064', 'Mrs', 'Dorothy', 'Ward', '4720303212982891', to_date('09-18','MM-YY'), 'Rockefeller', 'Sacramento', 'CA', '8285917683', 'dward1r@sogou.com', '55655');
insert into Customer values ('000000065', 'Ms', 'Jason', 'Butler', '0675265032989096', to_date('09-18','MM-YY'), 'Farwell', 'Honolulu', 'HI', '2301334451', 'jbutler1s@51.la', '68076');
insert into Customer values ('000000066', 'Mr', 'Victor', 'Schmidt', '8575839324794017', to_date('09-18','MM-YY'), 'Reindahl', 'Arlington', 'TX', '2697103615', 'vschmidt1t@yahoo.co.jp', '57987');
insert into Customer values ('000000067', 'Mrs', 'Carl', 'Stephens', '0193743471145368', to_date('09-18','MM-YY'), 'Upham', 'Columbus', 'OH', '9505983672', 'cstephens1u@vkontakte.ru', '85268');
insert into Customer values ('000000068', 'Mrs', 'Willie', 'Hicks', '8080969271582423', to_date('09-18','MM-YY'), '1st', 'Miami', 'FL', '7614327689', 'whicks1v@cnn.com', '66779');
insert into Customer values ('000000069', 'Mrs', 'Betty', 'Bradley', '9238656277828896', to_date('09-18','MM-YY'), 'Sundown', 'Columbus', 'OH', '4259546401', 'bbradley1w@cam.ac.uk', '14615');
insert into Customer values ('000000070', 'Ms', 'Donna', 'Garza', '4049242012772894', to_date('09-18','MM-YY'), 'Oriole', 'Carson City', 'NV', '3885466245', 'dgarza1x@fc2.com', '05087');
insert into Customer values ('000000071', 'Ms', 'Emily', 'Mccoy', '4221816813521620', to_date('09-18','MM-YY'), '3rd', 'Saint Louis', 'MO', '8972903626', 'emccoy1y@weather.com', '28497');
insert into Customer values ('000000072', 'Mr', 'Louis', 'Kim', '1184575394010846', to_date('09-18','MM-YY'), 'Bashford', 'Cleveland', 'OH', '2578281197', 'lkim1z@deviantart.com', '82414');
insert into Customer values ('000000073', 'Mrs', 'Sarah', 'Howell', '5513412393983620', to_date('09-18','MM-YY'), 'Del Sol', 'Baton Rouge', 'LA', '8627397913', 'showell20@tiny.cc', '30890');
insert into Customer values ('000000074', 'Mr', 'Harry', 'Kennedy', '1402334374948528', to_date('09-18','MM-YY'), 'Clyde Gallagher', 'New Orleans', 'LA', '9715173133', 'hkennedy21@bing.com', '27316');
insert into Customer values ('000000075', 'Mr', 'Elizabeth', 'Torres', '1376814653776132', to_date('09-18','MM-YY'), 'Iowa', 'Cleveland', 'OH', '2265573747', 'etorres22@purevolume.com', '14875');
insert into Customer values ('000000076', 'Mrs', 'Diane', 'Johnson', '1946600089189256', to_date('09-18','MM-YY'), 'Holy Cross', 'Lancaster', 'CA', '1627907857', 'djohnson23@deliciousdays.com', '66185');
insert into Customer values ('000000077', 'Mr', 'David', 'Bennett', '9492761229769279', to_date('09-18','MM-YY'), 'Cordelia', 'San Antonio', 'TX', '5680972958', 'dbennett24@imdb.com', '23237');
insert into Customer values ('000000078', 'Ms', 'Carl', 'Howard', '1467657189079302', to_date('09-18','MM-YY'), 'Prairieview', 'Akron', 'OH', '6492669397', 'choward25@list-manage.com', '32423');
insert into Customer values ('000000079', 'Ms', 'Ronald', 'Ward', '8889567613595942', to_date('09-18','MM-YY'), 'Roth', 'Pensacola', 'FL', '9495017498', 'rward26@fastcompany.com', '61960');
insert into Customer values ('000000080', 'Mrs', 'Lawrence', 'Reed', '7475612049872643', to_date('09-18','MM-YY'), 'Jenna', 'Alhambra', 'CA', '2292144149', 'lreed27@simplemachines.org', '60401');
insert into Customer values ('000000081', 'Mr', 'Johnny', 'Black', '2101848036932607', to_date('09-18','MM-YY'), 'Lakewood Gardens', 'Asheville', 'NC', '0784207151', 'jblack28@yellowbook.com', '50171');
insert into Customer values ('000000082', 'Mr', 'Angela', 'Sims', '0506182564090018', to_date('09-18','MM-YY'), 'Dottie', 'New Orleans', 'LA', '6715393692', 'asims29@earthlink.net', '64261');
insert into Customer values ('000000083', 'Mrs', 'Linda', 'Bailey', '3923700461026815', to_date('09-18','MM-YY'), 'Hudson', 'Jacksonville', 'FL', '5477685359', 'lbailey2a@oaic.gov.au', '00932');
insert into Customer values ('000000084', 'Ms', 'Theresa', 'Edwards', '8506315130627895', to_date('09-18','MM-YY'), 'Lake View', 'Palo Alto', 'CA', '6460187158', 'tedwards2b@pbs.org', '89039');
insert into Customer values ('000000085', 'Mr', 'Amy', 'Smith', '7198592106709043', to_date('09-18','MM-YY'), 'Grasskamp', 'Salt Lake City', 'UT', '8654812142', 'asmith2c@irs.gov', '02404');
insert into Customer values ('000000086', 'Mrs', 'Cynthia', 'Roberts', '8680377763377306', to_date('09-18','MM-YY'), 'Hovde', 'Panama City', 'FL', '8715230804', 'croberts2d@omniture.com', '42893');
insert into Customer values ('000000087', 'Mr', 'Teresa', 'Alvarez', '3891972127644897', to_date('09-18','MM-YY'), 'Donald', 'Boise', 'ID', '4101934892', 'talvarez2e@mail.ru', '75137');
insert into Customer values ('000000088', 'Mrs', 'Willie', 'Schmidt', '6404964672627772', to_date('09-18','MM-YY'), 'Garrison', 'Boise', 'ID', '4975917561', 'wschmidt2f@imageshack.us', '93347');
insert into Customer values ('000000089', 'Mr', 'Patricia', 'Bennett', '2544019679405794', to_date('09-18','MM-YY'), 'Grasskamp', 'Charlotte', 'NC', '6465374021', 'pbennett2g@nhs.uk', '78934');
insert into Customer values ('000000090', 'Mrs', 'Benjamin', 'Lawson', '2204243467125953', to_date('09-18','MM-YY'), 'Elka', 'Tucson', 'AZ', '9683543077', 'blawson2h@amazon.co.uk', '46155');
insert into Customer values ('000000091', 'Ms', 'Mildred', 'Andrews', '4872994651140708', to_date('09-18','MM-YY'), 'Montana', 'Saint Paul', 'MN', '2941345620', 'mandrews2i@themeforest.net', '92184');
insert into Customer values ('000000092', 'Mrs', 'Michelle', 'Ryan', '0046003936124598', to_date('09-18','MM-YY'), 'Steensland', 'Omaha', 'NE', '0947804880', 'mryan2j@dedecms.com', '40811');
insert into Customer values ('000000093', 'Mr', 'Christopher', 'Greene', '3763488832949369', to_date('09-18','MM-YY'), 'Heffernan', 'Fort Worth', 'TX', '8186044346', 'cgreene2k@wufoo.com', '08842');
insert into Customer values ('000000094', 'Mr', 'Sean', 'Johnson', '2941788229927802', to_date('09-18','MM-YY'), 'Chinook', 'Dallas', 'TX', '4993050324', 'sjohnson2l@digg.com', '85156');
insert into Customer values ('000000095', 'Ms', 'Julie', 'Reynolds', '6022630189652533', to_date('09-18','MM-YY'), '1st', 'Anchorage', 'AK', '2153055408', 'jreynolds2m@bloglovin.com', '42147');
insert into Customer values ('000000096', 'Mr', 'Christine', 'Alvarez', '2630246605965540', to_date('09-18','MM-YY'), '6th', 'Fort Pierce', 'FL', '4797017386', 'calvarez2n@wikispaces.com', '20919');
insert into Customer values ('000000097', 'Ms', 'Pamela', 'Larson', '6543050459951252', to_date('09-18','MM-YY'), 'Express', 'Pompano Beach', 'FL', '9000025151', 'plarson2o@npr.org', '00196');
insert into Customer values ('000000098', 'Ms', 'Ryan', 'Stewart', '7138552696166902', to_date('09-18','MM-YY'), 'Sachs', 'Huntington', 'WV', '5529089952', 'rstewart2p@macromedia.com', '82364');
insert into Customer values ('000000099', 'Mrs', 'Denise', 'West', '0815373091923594', to_date('09-18','MM-YY'), 'Stone Corner', 'Albuquerque', 'NM', '2294257964', 'dwest2q@smh.com.au', '46618');
insert into Customer values ('000000100', 'Ms', 'Victor', 'Harris', '2990609707675615', to_date('09-18','MM-YY'), 'Monterey', 'Aiken', 'SC', '3587892069', 'vharris2r@studiopress.com', '06853');
insert into Customer values ('000000101', 'Mrs', 'Ann', 'Brooks', '1587026745154100', to_date('09-18','MM-YY'), 'Hagan', 'Lees Summit', 'MO', '6755855136', 'abrooks2s@java.com', '91065');
insert into Customer values ('000000102', 'Ms', 'Philip', 'Turner', '4324379030415384', to_date('09-18','MM-YY'), 'Fulton', 'Honolulu', 'HI', '8146097481', 'pturner2t@nasa.gov', '38326');
insert into Customer values ('000000103', 'Mrs', 'Charles', 'Romero', '3822195895828175', to_date('09-18','MM-YY'), 'Dwight', 'Colorado Springs', 'CO', '1050425642', 'cromero2u@mysql.com', '99723');
insert into Customer values ('000000104', 'Ms', 'Jose', 'Barnes', '8558152982707791', to_date('09-18','MM-YY'), 'Eliot', 'New York City', 'NY', '0559325393', 'jbarnes2v@seesaa.net', '08844');
insert into Customer values ('000000105', 'Ms', 'Jesse', 'Gordon', '6639923139461767', to_date('09-18','MM-YY'), 'Jay', 'Corona', 'CA', '6172849110', 'jgordon2w@bigcartel.com', '32616');
insert into Customer values ('000000106', 'Ms', 'Dorothy', 'Vasquez', '0772140063990785', to_date('09-18','MM-YY'), 'Trailsway', 'Charleston', 'SC', '9965781530', 'dvasquez2x@japanpost.jp', '43263');
insert into Customer values ('000000107', 'Ms', 'Norma', 'Murray', '5400448058458030', to_date('09-18','MM-YY'), 'Cordelia', 'Young America', 'MN', '9434881111', 'nmurray2y@statcounter.com', '71573');
insert into Customer values ('000000108', 'Mrs', 'Janice', 'Welch', '0739242131774269', to_date('09-18','MM-YY'), 'Fieldstone', 'Nashville', 'TN', '5479437700', 'jwelch2z@360.cn', '73948');
insert into Customer values ('000000109', 'Mrs', 'Juan', 'Stevens', '5927697474389710', to_date('09-18','MM-YY'), 'Sycamore', 'Davenport', 'IA', '3842916191', 'jstevens30@irs.gov', '75635');
insert into Customer values ('000000110', 'Ms', 'Larry', 'Jackson', '1737155589148259', to_date('09-18','MM-YY'), 'Lawn', 'Cincinnati', 'OH', '8820520337', 'ljackson31@printfriendly.com', '37600');
insert into Customer values ('000000111', 'Mr', 'Kenneth', 'Boyd', '8360536913697745', to_date('09-18','MM-YY'), 'Riverside', 'Mobile', 'AL', '9521281284', 'kboyd32@oaic.gov.au', '84143');
insert into Customer values ('000000112', 'Mr', 'Susan', 'Day', '9151772437390464', to_date('09-18','MM-YY'), 'Veith', 'Knoxville', 'TN', '8570999443', 'sday33@dedecms.com', '41598');
insert into Customer values ('000000113', 'Mrs', 'Patricia', 'Hudson', '1083433535097339', to_date('09-18','MM-YY'), 'Kingsford', 'Charleston', 'SC', '6216698124', 'phudson34@ning.com', '95621');
insert into Customer values ('000000114', 'Mr', 'Linda', 'Jordan', '2325932580436298', to_date('09-18','MM-YY'), 'Ludington', 'Houston', 'TX', '0343947185', 'ljordan35@businesswire.com', '20260');
insert into Customer values ('000000115', 'Mr', 'Karen', 'Robinson', '1345396990291418', to_date('09-18','MM-YY'), 'Fair Oaks', 'Montgomery', 'AL', '7206627078', 'krobinson36@paginegialle.it', '17196');
insert into Customer values ('000000116', 'Mrs', 'Matthew', 'Ford', '1594937757515949', to_date('09-18','MM-YY'), 'Tennyson', 'Fort Myers', 'FL', '0435201734', 'mford37@mozilla.org', '51130');
insert into Customer values ('000000117', 'Ms', 'Julie', 'Burton', '0403817083060950', to_date('09-18','MM-YY'), 'Oneill', 'Austin', 'TX', '0293090892', 'jburton38@state.gov', '45575');
insert into Customer values ('000000118', 'Mr', 'Lori', 'Hernandez', '4448046104731310', to_date('09-18','MM-YY'), 'Melrose', 'Billings', 'MT', '2831716501', 'lhernandez39@mlb.com', '58897');
insert into Customer values ('000000119', 'Mr', 'Sean', 'Hawkins', '0115789911518465', to_date('09-18','MM-YY'), 'Carpenter', 'Fort Pierce', 'FL', '7101236072', 'shawkins3a@reddit.com', '52820');
insert into Customer values ('000000120', 'Mr', 'Louis', 'Mason', '2904660583175703', to_date('09-18','MM-YY'), 'Moose', 'Rochester', 'NY', '9979750503', 'lmason3b@cdc.gov', '72430');
insert into Customer values ('000000121', 'Ms', 'Elizabeth', 'Williams', '0540181648369618', to_date('09-18','MM-YY'), 'Oak Valley', 'Colorado Springs', 'CO', '4027681103', 'ewilliams3c@hp.com', '92041');
insert into Customer values ('000000122', 'Mrs', 'Ann', 'Medina', '5284352940416541', to_date('09-18','MM-YY'), 'Parkside', 'Spokane', 'WA', '3754720035', 'amedina3d@joomla.org', '44232');
insert into Customer values ('000000123', 'Mrs', 'Angela', 'Adams', '6664215159468954', to_date('09-18','MM-YY'), 'Fairview', 'Lake Worth', 'FL', '1695943238', 'aadams3e@businesswire.com', '50780');
insert into Customer values ('000000124', 'Mr', 'Edward', 'Patterson', '1354721804017351', to_date('09-18','MM-YY'), '4th', 'Houston', 'TX', '4779764831', 'epatterson3f@google.fr', '98107');
insert into Customer values ('000000125', 'Mrs', 'Cynthia', 'Porter', '6179240908838246', to_date('09-18','MM-YY'), 'Forest Dale', 'Jackson', 'MS', '5373723358', 'cporter3g@google.com', '72565');
insert into Customer values ('000000126', 'Mrs', 'Marie', 'Powell', '8908750621924935', to_date('09-18','MM-YY'), 'Sherman', 'Jamaica', 'NY', '7926856017', 'mpowell3h@imageshack.us', '01931');
insert into Customer values ('000000127', 'Mrs', 'William', 'Schmidt', '2592585438779658', to_date('09-18','MM-YY'), 'Lakewood', 'Dayton', 'OH', '7707142508', 'wschmidt3i@51.la', '23822');
insert into Customer values ('000000128', 'Mr', 'Rebecca', 'Arnold', '4744227405435085', to_date('09-18','MM-YY'), 'Blackbird', 'Syracuse', 'NY', '7210011522', 'rarnold3j@bizjournals.com', '03431');
insert into Customer values ('000000129', 'Mrs', 'Roger', 'Morales', '3194090577992760', to_date('09-18','MM-YY'), 'Oakridge', 'Staten Island', 'NY', '1329629399', 'rmorales3k@slate.com', '63222');
insert into Customer values ('000000130', 'Ms', 'Tina', 'Fox', '8654588939174190', to_date('09-18','MM-YY'), 'Mallory', 'Duluth', 'GA', '7483388249', 'tfox3l@pagesperso-orange.fr', '24387');
insert into Customer values ('000000131', 'Mrs', 'George', 'Ferguson', '6825164354337096', to_date('09-18','MM-YY'), 'Memorial', 'El Paso', 'TX', '3458560096', 'gferguson3m@macromedia.com', '35116');
insert into Customer values ('000000132', 'Mr', 'Arthur', 'Sims', '9164375015489493', to_date('09-18','MM-YY'), 'Paget', 'Baton Rouge', 'LA', '5793954546', 'asims3n@canalblog.com', '61522');
insert into Customer values ('000000133', 'Mr', 'Lisa', 'Wilson', '0709304203806761', to_date('09-18','MM-YY'), 'Orin', 'Duluth', 'MN', '5134828881', 'lwilson3o@oakley.com', '70844');
insert into Customer values ('000000134', 'Ms', 'Eric', 'Simmons', '5094733295650503', to_date('09-18','MM-YY'), 'Troy', 'Orlando', 'FL', '6173892206', 'esimmons3p@prnewswire.com', '83559');
insert into Customer values ('000000135', 'Mrs', 'Karen', 'Carpenter', '5016946020455198', to_date('09-18','MM-YY'), 'John Wall', 'Fredericksburg', 'VA', '9793764327', 'kcarpenter3q@tripadvisor.com', '42444');
insert into Customer values ('000000136', 'Mr', 'Paul', 'Hill', '7972172504879500', to_date('09-18','MM-YY'), 'Armistice', 'London', 'KY', '4631383126', 'phill3r@businessinsider.com', '09273');
insert into Customer values ('000000137', 'Mrs', 'Terry', 'Shaw', '2702029734588874', to_date('09-18','MM-YY'), 'Northland', 'Miami', 'FL', '6110978714', 'tshaw3s@nymag.com', '36115');
insert into Customer values ('000000138', 'Mr', 'Jacqueline', 'Reed', '0703976977246513', to_date('09-18','MM-YY'), 'Blackbird', 'Reno', 'NV', '2311051508', 'jreed3t@dmoz.org', '47263');
insert into Customer values ('000000139', 'Mrs', 'Mary', 'Gonzalez', '4002909254591368', to_date('09-18','MM-YY'), 'Westerfield', 'Boise', 'ID', '3332062653', 'mgonzalez3u@hugedomains.com', '69179');
insert into Customer values ('000000140', 'Mr', 'Marilyn', 'Dean', '4916419182603526', to_date('09-18','MM-YY'), 'Northfield', 'Sparks', 'NV', '2566724368', 'mdean3v@twitter.com', '76875');
insert into Customer values ('000000141', 'Mrs', 'Phillip', 'Parker', '4189618229503507', to_date('09-18','MM-YY'), 'Clemons', 'Richmond', 'VA', '6940877084', 'pparker3w@jalbum.net', '56116');
insert into Customer values ('000000142', 'Mr', 'Sharon', 'Russell', '4713873660266248', to_date('09-18','MM-YY'), 'Forster', 'Canton', 'OH', '0286938945', 'srussell3x@unc.edu', '59323');
insert into Customer values ('000000143', 'Mr', 'Janice', 'Bishop', '1074609285881336', to_date('09-18','MM-YY'), 'Cottonwood', 'Shreveport', 'LA', '5779702891', 'jbishop3y@facebook.com', '27337');
insert into Customer values ('000000144', 'Mr', 'Richard', 'Gutierrez', '7828678723490993', to_date('09-18','MM-YY'), 'Ridgeview', 'Valley Forge', 'PA', '7623550480', 'rgutierrez3z@bloglines.com', '66912');
insert into Customer values ('000000145', 'Mrs', 'Diane', 'Black', '2415130984070541', to_date('09-18','MM-YY'), 'Calypso', 'Evansville', 'IN', '1364219147', 'dblack40@patch.com', '84815');
insert into Customer values ('000000146', 'Ms', 'Kathleen', 'Collins', '1317311467675749', to_date('09-18','MM-YY'), 'Miller', 'Wichita', 'KS', '6204828735', 'kcollins41@state.tx.us', '71771');
insert into Customer values ('000000147', 'Ms', 'Frank', 'Johnson', '3945317055138302', to_date('09-18','MM-YY'), 'Tennyson', 'Oklahoma City', 'OK', '3315015450', 'fjohnson42@usatoday.com', '90112');
insert into Customer values ('000000148', 'Mrs', 'Ashley', 'Fisher', '9600596081519918', to_date('09-18','MM-YY'), 'Maple Wood', 'Milwaukee', 'WI', '0405885039', 'afisher43@facebook.com', '14117');
insert into Customer values ('000000149', 'Mrs', 'Deborah', 'Boyd', '0319388779171708', to_date('09-18','MM-YY'), 'Rigney', 'Tampa', 'FL', '1945871582', 'dboyd44@usnews.com', '42833');
insert into Customer values ('000000150', 'Ms', 'Annie', 'Riley', '8061032795772662', to_date('09-18','MM-YY'), 'Service', 'Pittsburgh', 'PA', '3618082366', 'ariley45@theglobeandmail.com', '94635');
insert into Customer values ('000000151', 'Ms', 'Norma', 'Payne', '5937422710168043', to_date('09-18','MM-YY'), 'Monument', 'Minneapolis', 'MN', '6844923079', 'npayne46@t.co', '84151');
insert into Customer values ('000000152', 'Mr', 'Angela', 'Thomas', '0462228441150740', to_date('09-18','MM-YY'), 'Morrow', 'Springfield', 'MA', '4146662748', 'athomas47@nba.com', '31817');
insert into Customer values ('000000153', 'Mrs', 'Walter', 'Riley', '1942442456516684', to_date('09-18','MM-YY'), 'Service', 'Grand Rapids', 'MI', '7180213202', 'wriley48@un.org', '57111');
insert into Customer values ('000000154', 'Mr', 'Anne', 'Gutierrez', '9636570198533450', to_date('09-18','MM-YY'), 'Eastwood', 'Conroe', 'TX', '9666167201', 'agutierrez49@latimes.com', '61644');
insert into Customer values ('000000155', 'Mr', 'Christina', 'Welch', '7474984293441913', to_date('09-18','MM-YY'), 'Linden', 'Austin', 'TX', '9439021259', 'cwelch4a@wunderground.com', '82343');
insert into Customer values ('000000156', 'Ms', 'Wayne', 'Turner', '1359893404701024', to_date('09-18','MM-YY'), 'Delladonna', 'Clearwater', 'FL', '0255910964', 'wturner4b@ed.gov', '94594');
insert into Customer values ('000000157', 'Mrs', 'Wayne', 'Webb', '4104453875302154', to_date('09-18','MM-YY'), 'Saint Paul', 'Hartford', 'CT', '3671934713', 'wwebb4c@fotki.com', '52415');
insert into Customer values ('000000158', 'Mr', 'Martha', 'Hamilton', '7618209641634122', to_date('09-18','MM-YY'), 'Waywood', 'Kansas City', 'MO', '5600043420', 'mhamilton4d@cbc.ca', '70957');
insert into Customer values ('000000159', 'Ms', 'Roger', 'Turner', '3518633507257265', to_date('09-18','MM-YY'), 'Portage', 'Jamaica', 'NY', '8061988126', 'rturner4e@who.int', '30670');
insert into Customer values ('000000160', 'Mrs', 'Peter', 'Stephens', '9903480735872925', to_date('09-18','MM-YY'), 'Buena Vista', 'Washington', 'DC', '8397082031', 'pstephens4f@addtoany.com', '75612');
insert into Customer values ('000000161', 'Mr', 'Marie', 'Smith', '9061415966329303', to_date('09-18','MM-YY'), 'Gina', 'Baltimore', 'MD', '3542791231', 'msmith4g@livejournal.com', '97072');
insert into Customer values ('000000162', 'Ms', 'Robin', 'Armstrong', '3612567997955322', to_date('09-18','MM-YY'), 'Namekagon', 'Roanoke', 'VA', '1148082114', 'rarmstrong4h@psu.edu', '42732');
insert into Customer values ('000000163', 'Mrs', 'Ronald', 'Mitchell', '7044010434824183', to_date('09-18','MM-YY'), 'Swallow', 'Columbia', 'SC', '7681815770', 'rmitchell4i@yale.edu', '31290');
insert into Customer values ('000000164', 'Mr', 'Joe', 'Hudson', '9336098796264785', to_date('09-18','MM-YY'), 'Scofield', 'Monroe', 'LA', '9044569082', 'jhudson4j@altervista.org', '77903');
insert into Customer values ('000000165', 'Mrs', 'Steve', 'Gibson', '9275036802318919', to_date('09-18','MM-YY'), 'Ludington', 'Stockton', 'CA', '9078016138', 'sgibson4k@studiopress.com', '37934');
insert into Customer values ('000000166', 'Ms', 'Billy', 'Coleman', '2728742580618280', to_date('09-18','MM-YY'), 'Sunfield', 'Houston', 'TX', '7991318940', 'bcoleman4l@army.mil', '24036');
insert into Customer values ('000000167', 'Mr', 'Jeremy', 'Wilson', '4206188787013355', to_date('09-18','MM-YY'), 'Forest Dale', 'Brooklyn', 'NY', '4795139583', 'jwilson4m@amazon.com', '01078');
insert into Customer values ('000000168', 'Mr', 'Benjamin', 'Hansen', '0086919899627769', to_date('09-18','MM-YY'), 'Sloan', 'Dayton', 'OH', '6341334551', 'bhansen4n@samsung.com', '63865');
insert into Customer values ('000000169', 'Mrs', 'Howard', 'Snyder', '4740456530546448', to_date('09-18','MM-YY'), 'Birchwood', 'Philadelphia', 'PA', '4085728697', 'hsnyder4o@indiegogo.com', '87949');
insert into Customer values ('000000170', 'Mr', 'Ernest', 'Fisher', '9698552667724441', to_date('09-18','MM-YY'), 'Kennedy', 'Las Vegas', 'NV', '0176165690', 'efisher4p@omniture.com', '79975');
insert into Customer values ('000000171', 'Mr', 'Wanda', 'Patterson', '7402027685077342', to_date('09-18','MM-YY'), 'Dapin', 'Los Angeles', 'CA', '1351954274', 'wpatterson4q@yale.edu', '66090');
insert into Customer values ('000000172', 'Mrs', 'Craig', 'Lane', '6285983691965121', to_date('09-18','MM-YY'), 'Amoth', 'Washington', 'DC', '4058957473', 'clane4r@cdc.gov', '58978');
insert into Customer values ('000000173', 'Ms', 'Rose', 'Flores', '5084593097403948', to_date('09-18','MM-YY'), 'Towne', 'Washington', 'DC', '0942715904', 'rflores4s@istockphoto.com', '42703');
insert into Customer values ('000000174', 'Mrs', 'Arthur', 'Burton', '9655349737979723', to_date('09-18','MM-YY'), 'Lakeland', 'Tucson', 'AZ', '8631046140', 'aburton4t@uol.com.br', '90084');
insert into Customer values ('000000175', 'Ms', 'Gloria', 'Clark', '0994853090577037', to_date('09-18','MM-YY'), 'Transport', 'West Hartford', 'CT', '0148763960', 'gclark4u@upenn.edu', '39271');
insert into Customer values ('000000176', 'Mr', 'Rebecca', 'Schmidt', '5957469620060514', to_date('09-18','MM-YY'), 'West', 'Anchorage', 'AK', '2132262471', 'rschmidt4v@blogger.com', '00111');
insert into Customer values ('000000177', 'Ms', 'Lois', 'Hunter', '9471798073147022', to_date('09-18','MM-YY'), 'Talisman', 'Los Angeles', 'CA', '0747853376', 'lhunter4w@livejournal.com', '35274');
insert into Customer values ('000000178', 'Ms', 'Kimberly', 'Andrews', '5647458101254460', to_date('09-18','MM-YY'), 'Chinook', 'Albany', 'NY', '7459347372', 'kandrews4x@yahoo.co.jp', '09410');
insert into Customer values ('000000179', 'Mr', 'Carlos', 'Banks', '9445401005344145', to_date('09-18','MM-YY'), '1st', 'Frederick', 'MD', '3937655076', 'cbanks4y@weebly.com', '12337');
insert into Customer values ('000000180', 'Ms', 'William', 'Fisher', '6764240514505582', to_date('09-18','MM-YY'), 'Sheridan', 'Tulsa', 'OK', '8151017791', 'wfisher4z@shop-pro.jp', '06737');
insert into Customer values ('000000181', 'Mrs', 'Brian', 'Spencer', '7688772182031858', to_date('09-18','MM-YY'), 'Shoshone', 'Berkeley', 'CA', '5821450537', 'bspencer50@oakley.com', '86219');
insert into Customer values ('000000182', 'Mr', 'Donna', 'Burke', '8223332640342173', to_date('09-18','MM-YY'), 'Huxley', 'West Palm Beach', 'FL', '2279558999', 'dburke51@weather.com', '73239');
insert into Customer values ('000000183', 'Mrs', 'Angela', 'Bailey', '4809072984397383', to_date('09-18','MM-YY'), 'Cambridge', 'Long Beach', 'CA', '5186309726', 'abailey52@gov.uk', '35659');
insert into Customer values ('000000184', 'Ms', 'Dorothy', 'Morgan', '0417278093525071', to_date('09-18','MM-YY'), 'Heffernan', 'Whittier', 'CA', '7353420696', 'dmorgan53@google.com.br', '73688');
insert into Customer values ('000000185', 'Ms', 'Raymond', 'Snyder', '9716369331963628', to_date('09-18','MM-YY'), 'Warbler', 'Tucson', 'AZ', '4249359050', 'rsnyder54@ucla.edu', '52047');
insert into Customer values ('000000186', 'Ms', 'Janice', 'Richardson', '5387770544768242', to_date('09-18','MM-YY'), 'Laurel', 'Columbus', 'GA', '6554574589', 'jrichardson55@xrea.com', '51279');
insert into Customer values ('000000187', 'Ms', 'Cheryl', 'Martin', '2429063492294309', to_date('09-18','MM-YY'), 'Spaight', 'Mansfield', 'OH', '0485286036', 'cmartin56@exblog.jp', '97319');
insert into Customer values ('000000188', 'Mrs', 'Phillip', 'Bowman', '3632608368391624', to_date('09-18','MM-YY'), 'Sugar', 'Las Vegas', 'NV', '9956960306', 'pbowman57@ustream.tv', '90182');
insert into Customer values ('000000189', 'Mrs', 'Michael', 'Ramos', '7787462630608912', to_date('09-18','MM-YY'), 'Jana', 'Atlanta', 'GA', '9568580534', 'mramos58@sphinn.com', '90199');
insert into Customer values ('000000190', 'Mr', 'George', 'Hunter', '9688538158026618', to_date('09-18','MM-YY'), 'Jenifer', 'Ashburn', 'VA', '6459108316', 'ghunter59@cbslocal.com', '74063');
insert into Customer values ('000000191', 'Ms', 'Kathy', 'Howard', '7129215662683843', to_date('09-18','MM-YY'), 'Springs', 'Maple Plain', 'MN', '2893002197', 'khoward5a@scribd.com', '98169');
insert into Customer values ('000000192', 'Mr', 'Joseph', 'Gray', '6464945411890006', to_date('09-18','MM-YY'), 'Veith', 'Boston', 'MA', '2051041677', 'jgray5b@amazon.co.jp', '80485');
insert into Customer values ('000000193', 'Mr', 'Norma', 'Alexander', '3795528455687662', to_date('09-18','MM-YY'), 'Judy', 'Houston', 'TX', '1298532597', 'nalexander5c@github.io', '98009');
insert into Customer values ('000000194', 'Ms', 'Russell', 'Walker', '5939955466334978', to_date('09-18','MM-YY'), 'Valley Edge', 'Santa Rosa', 'CA', '3897711846', 'rwalker5d@vk.com', '69788');
insert into Customer values ('000000195', 'Mr', 'Debra', 'Austin', '6332170979887814', to_date('09-18','MM-YY'), 'Bobwhite', 'Birmingham', 'AL', '1750762861', 'daustin5e@mlb.com', '61023');
insert into Customer values ('000000196', 'Ms', 'Willie', 'Ryan', '5708751877546474', to_date('09-18','MM-YY'), 'Troy', 'Sacramento', 'CA', '3918654396', 'wryan5f@yahoo.com', '36540');
insert into Customer values ('000000197', 'Mr', 'Samuel', 'Larson', '6526797414305604', to_date('09-18','MM-YY'), 'Waubesa', 'New York City', 'NY', '6192967252', 'slarson5g@uol.com.br', '97139');
insert into Customer values ('000000198', 'Ms', 'Charles', 'Dean', '7924277888272723', to_date('09-18','MM-YY'), 'Grim', 'Brooklyn', 'NY', '1890325497', 'cdean5h@prweb.com', '22815');
insert into Customer values ('000000199', 'Mr', 'Jesse', 'Morales', '6616337631940707', to_date('09-18','MM-YY'), 'Melody', 'Battle Creek', 'MI', '4401899925', 'jmorales5i@ox.ac.uk', '04519');
insert into Customer values ('000000200', 'Mr', 'Walter', 'Diaz', '1029167203736023', to_date('09-18','MM-YY'), 'Bluestem', 'Fort Worth', 'TX', '2920001746', 'wdiaz5j@rediff.com', '24026');

commit;

--Reservation Sample Data
insert into Reservation values ('001', '000000001', 70, '5041903218618053', to_date('11-16-2016', 'MM-DD-YYYY'), 'Y', 'PIT', 'DFW');
insert into Reservation values ('002', '000000002', 132, '1761278413349820', to_date('11-16-2016', 'MM-DD-YYYY'), 'Y', 'PIT', 'JFK');
insert into Reservation values ('003', '000000003', 70, '4131636362490259', to_date('11-16-2016', 'MM-DD-YYYY'), 'Y', 'PIT', 'DCA');
insert into Reservation values ('004', '000000004', 118, '3768307486122088', to_date('11-16-2016', 'MM-DD-YYYY'), 'Y', 'PIT', 'PHI');
insert into Reservation values ('005', '000000005', 250, '4406849891498851', to_date('11-16-2016', 'MM-DD-YYYY'), 'Y', 'PIT', 'CLT');
insert into Reservation values ('006', '000000006', 125, '6675987287721642', to_date('11-16-2016', 'MM-DD-YYYY'), 'Y', 'PIT', 'DEN');
insert into Reservation values ('007', '000000007', 228, '0185314398661187', to_date('11-16-2016', 'MM-DD-YYYY'), 'Y', 'PIT', 'SEA');
insert into Reservation values ('008', '000000008', 249, '7366080654703717', to_date('11-16-2016', 'MM-DD-YYYY'), 'Y', 'PIT', 'LAX');
insert into Reservation values ('009', '000000009', 210, '9643797193991980', to_date('11-16-2016', 'MM-DD-YYYY'), 'Y', 'PIT', 'LGA');
insert into Reservation values ('010', '000000010', 231, '8802722450786243', to_date('11-16-2016', 'MM-DD-YYYY'), 'Y', 'JFK', 'PIT');
insert into Reservation values ('011', '000000011', 231, '8802722450786243', to_date('11-16-2016', 'MM-DD-YYYY'), 'Y', 'JFK', 'PIT');
insert into Reservation values ('012', '000000012', 231, '8802722450786243', to_date('11-16-2016', 'MM-DD-YYYY'), 'Y', 'JFK', 'PIT');
insert into Reservation values ('013', '000000013', 231, '8802722450786243', to_date('11-16-2016', 'MM-DD-YYYY'), 'Y', 'JFK', 'PIT');
insert into Reservation values ('014', '000000014', 231, '8802722450786243', to_date('11-16-2016', 'MM-DD-YYYY'), 'Y', 'JFK', 'PIT');
insert into Reservation values ('015', '000000015', 231, '8802722450786243', to_date('11-16-2016', 'MM-DD-YYYY'), 'Y', 'JFK', 'PIT');
insert into Reservation values ('016', '000000016', 231, '8802722450786243', to_date('11-16-2016', 'MM-DD-YYYY'), 'Y', 'JFK', 'PIT');
insert into Reservation values ('017', '000000017', 231, '8802722450786243', to_date('11-16-2016', 'MM-DD-YYYY'), 'Y', 'JFK', 'PIT');
insert into Reservation values ('018', '000000018', 231, '8802722450786243', to_date('11-16-2016', 'MM-DD-YYYY'), 'Y', 'JFK', 'PIT');
insert into Reservation values ('019', '000000019', 231, '8802722450786243', to_date('11-16-2016', 'MM-DD-YYYY'), 'Y', 'JFK', 'PIT');
insert into Reservation values ('020', '000000020', 231, '8802722450786243', to_date('11-16-2016', 'MM-DD-YYYY'), 'Y', 'JFK', 'PIT');
insert into Reservation values ('021', '000000021', 231, '8802722450786243', to_date('11-16-2016', 'MM-DD-YYYY'), 'Y', 'JFK', 'PIT');
insert into Reservation values ('022', '000000022', 231, '8802722450786243', to_date('11-16-2016', 'MM-DD-YYYY'), 'Y', 'JFK', 'PIT');
insert into Reservation values ('023', '000000023', 231, '8802722450786243', to_date('11-16-2016', 'MM-DD-YYYY'), 'Y', 'JFK', 'PIT');
insert into Reservation values ('024', '000000024', 231, '8802722450786243', to_date('11-16-2016', 'MM-DD-YYYY'), 'Y', 'JFK', 'PIT');
insert into Reservation values ('025', '000000025', 231, '8802722450786243', to_date('11-16-2016', 'MM-DD-YYYY'), 'Y', 'JFK', 'PIT');
insert into Reservation values ('026', '000000026', 231, '8802722450786243', to_date('11-16-2016', 'MM-DD-YYYY'), 'Y', 'JFK', 'PIT');
insert into Reservation values ('027', '000000027', 231, '8802722450786243', to_date('11-16-2016', 'MM-DD-YYYY'), 'Y', 'JFK', 'PIT');
insert into Reservation values ('028', '000000028', 231, '8802722450786243', to_date('11-16-2016', 'MM-DD-YYYY'), 'Y', 'JFK', 'PIT');
insert into Reservation values ('029', '000000029', 231, '8802722450786243', to_date('11-16-2016', 'MM-DD-YYYY'), 'Y', 'JFK', 'PIT');
insert into Reservation values ('030', '000000030', 231, '8802722450786243', to_date('11-16-2016', 'MM-DD-YYYY'), 'Y', 'JFK', 'PIT');
insert into Reservation values ('031', '000000031', 231, '8802722450786243', to_date('11-16-2016', 'MM-DD-YYYY'), 'Y', 'JFK', 'PIT');
insert into Reservation values ('032', '000000032', 231, '8802722450786243', to_date('11-16-2016', 'MM-DD-YYYY'), 'Y', 'JFK', 'PIT');
insert into Reservation values ('033', '000000033', 231, '8802722450786243', to_date('11-16-2016', 'MM-DD-YYYY'), 'Y', 'JFK', 'PIT');
insert into Reservation values ('034', '000000034', 231, '8802722450786243', to_date('11-16-2016', 'MM-DD-YYYY'), 'Y', 'JFK', 'PIT');
insert into Reservation values ('035', '000000035', 231, '8802722450786243', to_date('11-16-2016', 'MM-DD-YYYY'), 'Y', 'JFK', 'PIT');
insert into Reservation values ('036', '000000036', 231, '8802722450786243', to_date('11-16-2016', 'MM-DD-YYYY'), 'Y', 'JFK', 'PIT');
insert into Reservation values ('037', '000000037', 231, '8802722450786243', to_date('11-16-2016', 'MM-DD-YYYY'), 'Y', 'JFK', 'PIT');
insert into Reservation values ('038', '000000038', 231, '8802722450786243', to_date('11-16-2016', 'MM-DD-YYYY'), 'Y', 'JFK', 'PIT');
insert into Reservation values ('039', '000000039', 231, '8802722450786243', to_date('11-16-2016', 'MM-DD-YYYY'), 'Y', 'JFK', 'PIT');
insert into Reservation values ('040', '000000040', 231, '8802722450786243', to_date('11-16-2016', 'MM-DD-YYYY'), 'Y', 'JFK', 'PIT');
insert into Reservation values ('041', '000000041', 231, '8802722450786243', to_date('11-16-2016', 'MM-DD-YYYY'), 'Y', 'JFK', 'PIT');
insert into Reservation values ('042', '000000042', 231, '8802722450786243', to_date('11-16-2016', 'MM-DD-YYYY'), 'Y', 'JFK', 'PIT');
insert into Reservation values ('043', '000000043', 231, '8802722450786243', to_date('11-16-2016', 'MM-DD-YYYY'), 'Y', 'JFK', 'PIT');
insert into Reservation values ('044', '000000044', 231, '8802722450786243', to_date('11-16-2016', 'MM-DD-YYYY'), 'Y', 'JFK', 'PIT');
insert into Reservation values ('045', '000000045', 231, '8802722450786243', to_date('11-16-2016', 'MM-DD-YYYY'), 'Y', 'JFK', 'PIT');
insert into Reservation values ('046', '000000046', 231, '8802722450786243', to_date('11-16-2016', 'MM-DD-YYYY'), 'Y', 'JFK', 'PIT');
insert into Reservation values ('047', '000000047', 231, '8802722450786243', to_date('11-16-2016', 'MM-DD-YYYY'), 'Y', 'JFK', 'PIT');
insert into Reservation values ('048', '000000048', 231, '8802722450786243', to_date('11-16-2016', 'MM-DD-YYYY'), 'Y', 'JFK', 'PIT');
insert into Reservation values ('049', '000000049', 231, '8802722450786243', to_date('11-16-2016', 'MM-DD-YYYY'), 'Y', 'JFK', 'PIT');
insert into Reservation values ('050', '000000050', 231, '8802722450786243', to_date('11-16-2016', 'MM-DD-YYYY'), 'Y', 'JFK', 'PIT');
insert into Reservation values ('051', '000000051', 231, '8802722450786243', to_date('11-16-2016', 'MM-DD-YYYY'), 'Y', 'JFK', 'PIT');
insert into Reservation values ('052', '000000052', 231, '8802722450786243', to_date('11-16-2016', 'MM-DD-YYYY'), 'Y', 'JFK', 'PIT');
insert into Reservation values ('053', '000000053', 231, '8802722450786243', to_date('11-16-2016', 'MM-DD-YYYY'), 'Y', 'JFK', 'PIT');
insert into Reservation values ('054', '000000054', 231, '8802722450786243', to_date('11-16-2016', 'MM-DD-YYYY'), 'Y', 'JFK', 'PIT');
insert into Reservation values ('055', '000000055', 231, '8802722450786243', to_date('11-16-2016', 'MM-DD-YYYY'), 'Y', 'JFK', 'PIT');
insert into Reservation values ('056', '000000056', 231, '8802722450786243', to_date('11-16-2016', 'MM-DD-YYYY'), 'Y', 'JFK', 'PIT');
insert into Reservation values ('057', '000000057', 231, '8802722450786243', to_date('11-16-2016', 'MM-DD-YYYY'), 'Y', 'JFK', 'PIT');
insert into Reservation values ('058', '000000058', 231, '8802722450786243', to_date('11-16-2016', 'MM-DD-YYYY'), 'Y', 'JFK', 'PIT');
insert into Reservation values ('059', '000000059', 231, '8802722450786243', to_date('11-16-2016', 'MM-DD-YYYY'), 'Y', 'JFK', 'PIT');
insert into Reservation values ('060', '000000060', 231, '8802722450786243', to_date('11-16-2016', 'MM-DD-YYYY'), 'Y', 'JFK', 'PIT');
insert into Reservation values ('061', '000000061', 231, '8802722450786243', to_date('11-16-2016', 'MM-DD-YYYY'), 'Y', 'JFK', 'PIT');
insert into Reservation values ('062', '000000062', 231, '8802722450786243', to_date('11-16-2016', 'MM-DD-YYYY'), 'Y', 'JFK', 'PIT');
insert into Reservation values ('063', '000000063', 231, '8802722450786243', to_date('11-16-2016', 'MM-DD-YYYY'), 'Y', 'JFK', 'PIT');
insert into Reservation values ('064', '000000064', 231, '8802722450786243', to_date('11-16-2016', 'MM-DD-YYYY'), 'Y', 'JFK', 'PIT');
insert into Reservation values ('065', '000000065', 231, '8802722450786243', to_date('11-16-2016', 'MM-DD-YYYY'), 'Y', 'JFK', 'PIT');
insert into Reservation values ('066', '000000066', 231, '8802722450786243', to_date('11-16-2016', 'MM-DD-YYYY'), 'Y', 'JFK', 'PIT');
insert into Reservation values ('067', '000000067', 231, '8802722450786243', to_date('11-16-2016', 'MM-DD-YYYY'), 'Y', 'JFK', 'PIT');
insert into Reservation values ('068', '000000068', 231, '8802722450786243', to_date('11-16-2016', 'MM-DD-YYYY'), 'Y', 'JFK', 'PIT');
insert into Reservation values ('069', '000000069', 231, '8802722450786243', to_date('11-16-2016', 'MM-DD-YYYY'), 'Y', 'JFK', 'PIT');
insert into Reservation values ('070', '000000070', 231, '8802722450786243', to_date('11-16-2016', 'MM-DD-YYYY'), 'Y', 'JFK', 'PIT');
insert into Reservation values ('071', '000000071', 231, '8802722450786243', to_date('11-16-2016', 'MM-DD-YYYY'), 'Y', 'JFK', 'PIT');
insert into Reservation values ('072', '000000072', 231, '8802722450786243', to_date('11-16-2016', 'MM-DD-YYYY'), 'Y', 'JFK', 'PIT');
insert into Reservation values ('073', '000000073', 231, '8802722450786243', to_date('11-16-2016', 'MM-DD-YYYY'), 'Y', 'JFK', 'PIT');
insert into Reservation values ('074', '000000074', 231, '8802722450786243', to_date('11-16-2016', 'MM-DD-YYYY'), 'Y', 'JFK', 'PIT');
insert into Reservation values ('075', '000000075', 231, '8802722450786243', to_date('11-16-2016', 'MM-DD-YYYY'), 'Y', 'JFK', 'PIT');
insert into Reservation values ('076', '000000076', 231, '8802722450786243', to_date('11-16-2016', 'MM-DD-YYYY'), 'Y', 'JFK', 'PIT');
insert into Reservation values ('077', '000000077', 231, '8802722450786243', to_date('11-16-2016', 'MM-DD-YYYY'), 'Y', 'JFK', 'PIT');
insert into Reservation values ('078', '000000078', 231, '8802722450786243', to_date('11-16-2016', 'MM-DD-YYYY'), 'Y', 'JFK', 'PIT');
insert into Reservation values ('079', '000000079', 231, '8802722450786243', to_date('11-16-2016', 'MM-DD-YYYY'), 'Y', 'JFK', 'PIT');
insert into Reservation values ('080', '000000080', 231, '8802722450786243', to_date('11-16-2016', 'MM-DD-YYYY'), 'Y', 'JFK', 'PIT');
insert into Reservation values ('081', '000000081', 231, '8802722450786243', to_date('11-16-2016', 'MM-DD-YYYY'), 'Y', 'JFK', 'PIT');
insert into Reservation values ('082', '000000082', 231, '8802722450786243', to_date('11-16-2016', 'MM-DD-YYYY'), 'Y', 'JFK', 'PIT');
insert into Reservation values ('083', '000000083', 231, '8802722450786243', to_date('11-16-2016', 'MM-DD-YYYY'), 'Y', 'JFK', 'PIT');
insert into Reservation values ('084', '000000084', 231, '8802722450786243', to_date('11-16-2016', 'MM-DD-YYYY'), 'Y', 'JFK', 'PIT');
insert into Reservation values ('085', '000000085', 231, '8802722450786243', to_date('11-16-2016', 'MM-DD-YYYY'), 'Y', 'JFK', 'PIT');
insert into Reservation values ('086', '000000086', 231, '8802722450786243', to_date('11-16-2016', 'MM-DD-YYYY'), 'Y', 'JFK', 'PIT');
insert into Reservation values ('087', '000000087', 231, '8802722450786243', to_date('11-16-2016', 'MM-DD-YYYY'), 'Y', 'JFK', 'PIT');
insert into Reservation values ('088', '000000088', 231, '8802722450786243', to_date('11-16-2016', 'MM-DD-YYYY'), 'Y', 'JFK', 'PIT');
insert into Reservation values ('089', '000000089', 231, '8802722450786243', to_date('11-16-2016', 'MM-DD-YYYY'), 'Y', 'JFK', 'PIT');
insert into Reservation values ('090', '000000090', 231, '8802722450786243', to_date('11-16-2016', 'MM-DD-YYYY'), 'Y', 'JFK', 'PIT');
insert into Reservation values ('091', '000000091', 231, '8802722450786243', to_date('11-16-2016', 'MM-DD-YYYY'), 'Y', 'JFK', 'PIT');
insert into Reservation values ('092', '000000092', 231, '8802722450786243', to_date('11-16-2016', 'MM-DD-YYYY'), 'Y', 'JFK', 'PIT');
insert into Reservation values ('093', '000000093', 231, '8802722450786243', to_date('11-16-2016', 'MM-DD-YYYY'), 'Y', 'JFK', 'PIT');
insert into Reservation values ('094', '000000094', 231, '8802722450786243', to_date('11-16-2016', 'MM-DD-YYYY'), 'Y', 'JFK', 'PIT');
insert into Reservation values ('095', '000000095', 231, '8802722450786243', to_date('11-16-2016', 'MM-DD-YYYY'), 'Y', 'JFK', 'PIT');
insert into Reservation values ('096', '000000096', 231, '8802722450786243', to_date('11-16-2016', 'MM-DD-YYYY'), 'Y', 'JFK', 'PIT');
insert into Reservation values ('097', '000000097', 231, '8802722450786243', to_date('11-16-2016', 'MM-DD-YYYY'), 'Y', 'JFK', 'PIT');
insert into Reservation values ('098', '000000098', 231, '8802722450786243', to_date('11-16-2016', 'MM-DD-YYYY'), 'Y', 'JFK', 'PIT');
insert into Reservation values ('099', '000000099', 231, '8802722450786243', to_date('11-16-2016', 'MM-DD-YYYY'), 'Y', 'JFK', 'PIT');
insert into Reservation values ('100', '000000100', 231, '8802722450786243', to_date('11-16-2016', 'MM-DD-YYYY'), 'Y', 'JFK', 'PIT');
insert into Reservation values ('101', '000000101', 231, '8802722450786243', to_date('11-16-2016', 'MM-DD-YYYY'), 'Y', 'JFK', 'PIT');
insert into Reservation values ('102', '000000102', 231, '8802722450786243', to_date('11-16-2016', 'MM-DD-YYYY'), 'Y', 'JFK', 'PIT');
insert into Reservation values ('103', '000000103', 231, '8802722450786243', to_date('11-16-2016', 'MM-DD-YYYY'), 'Y', 'JFK', 'PIT');
insert into Reservation values ('104', '000000104', 231, '8802722450786243', to_date('11-16-2016', 'MM-DD-YYYY'), 'Y', 'JFK', 'PIT');
insert into Reservation values ('105', '000000105', 231, '8802722450786243', to_date('11-16-2016', 'MM-DD-YYYY'), 'Y', 'JFK', 'PIT');
insert into Reservation values ('106', '000000106', 231, '8802722450786243', to_date('11-16-2016', 'MM-DD-YYYY'), 'Y', 'JFK', 'PIT');
insert into Reservation values ('107', '000000107', 231, '8802722450786243', to_date('11-16-2016', 'MM-DD-YYYY'), 'Y', 'JFK', 'PIT');
insert into Reservation values ('108', '000000108', 231, '8802722450786243', to_date('11-16-2016', 'MM-DD-YYYY'), 'Y', 'JFK', 'PIT');
insert into Reservation values ('109', '000000109', 231, '8802722450786243', to_date('11-16-2016', 'MM-DD-YYYY'), 'Y', 'JFK', 'PIT');
insert into Reservation values ('110', '000000110', 231, '8802722450786243', to_date('11-16-2016', 'MM-DD-YYYY'), 'Y', 'JFK', 'PIT');
insert into Reservation values ('111', '000000111', 231, '8802722450786243', to_date('11-16-2016', 'MM-DD-YYYY'), 'Y', 'JFK', 'PIT');
insert into Reservation values ('112', '000000112', 231, '8802722450786243', to_date('11-16-2016', 'MM-DD-YYYY'), 'Y', 'JFK', 'PIT');
insert into Reservation values ('113', '000000113', 231, '8802722450786243', to_date('11-16-2016', 'MM-DD-YYYY'), 'Y', 'JFK', 'PIT');
insert into Reservation values ('114', '000000114', 231, '8802722450786243', to_date('11-16-2016', 'MM-DD-YYYY'), 'Y', 'JFK', 'PIT');
insert into Reservation values ('115', '000000115', 231, '8802722450786243', to_date('11-16-2016', 'MM-DD-YYYY'), 'Y', 'JFK', 'PIT');
insert into Reservation values ('116', '000000116', 231, '8802722450786243', to_date('11-16-2016', 'MM-DD-YYYY'), 'Y', 'JFK', 'PIT');
insert into Reservation values ('117', '000000117', 231, '8802722450786243', to_date('11-16-2016', 'MM-DD-YYYY'), 'Y', 'JFK', 'PIT');
insert into Reservation values ('118', '000000118', 231, '8802722450786243', to_date('11-16-2016', 'MM-DD-YYYY'), 'Y', 'JFK', 'PIT');
insert into Reservation values ('119', '000000119', 231, '8802722450786243', to_date('11-16-2016', 'MM-DD-YYYY'), 'Y', 'JFK', 'PIT');
insert into Reservation values ('120', '000000120', 231, '8802722450786243', to_date('11-16-2016', 'MM-DD-YYYY'), 'Y', 'JFK', 'PIT');
insert into Reservation values ('121', '000000121', 231, '8802722450786243', to_date('11-16-2016', 'MM-DD-YYYY'), 'Y', 'JFK', 'PIT');
insert into Reservation values ('122', '000000122', 231, '8802722450786243', to_date('11-16-2016', 'MM-DD-YYYY'), 'Y', 'JFK', 'PIT');
insert into Reservation values ('123', '000000123', 231, '8802722450786243', to_date('11-16-2016', 'MM-DD-YYYY'), 'Y', 'JFK', 'PIT');
insert into Reservation values ('124', '000000124', 231, '8802722450786243', to_date('11-16-2016', 'MM-DD-YYYY'), 'Y', 'JFK', 'PIT');
insert into Reservation values ('125', '000000125', 231, '8802722450786243', to_date('11-16-2016', 'MM-DD-YYYY'), 'Y', 'JFK', 'PIT');
insert into Reservation values ('126', '000000126', 231, '8802722450786243', to_date('11-16-2016', 'MM-DD-YYYY'), 'Y', 'JFK', 'PIT');
insert into Reservation values ('127', '000000127', 231, '8802722450786243', to_date('11-16-2016', 'MM-DD-YYYY'), 'Y', 'JFK', 'PIT');
insert into Reservation values ('128', '000000128', 231, '8802722450786243', to_date('11-16-2016', 'MM-DD-YYYY'), 'Y', 'JFK', 'PIT');
insert into Reservation values ('129', '000000129', 231, '8802722450786243', to_date('11-16-2016', 'MM-DD-YYYY'), 'Y', 'JFK', 'PIT');
insert into Reservation values ('130', '000000130', 231, '8802722450786243', to_date('11-16-2016', 'MM-DD-YYYY'), 'Y', 'JFK', 'PIT');
insert into Reservation values ('131', '000000131', 231, '8802722450786243', to_date('11-16-2016', 'MM-DD-YYYY'), 'Y', 'JFK', 'PIT');
insert into Reservation values ('132', '000000132', 231, '8802722450786243', to_date('11-16-2016', 'MM-DD-YYYY'), 'Y', 'JFK', 'PIT');
insert into Reservation values ('133', '000000133', 231, '8802722450786243', to_date('11-16-2016', 'MM-DD-YYYY'), 'Y', 'JFK', 'PIT');
insert into Reservation values ('134', '000000134', 231, '8802722450786243', to_date('11-16-2016', 'MM-DD-YYYY'), 'Y', 'JFK', 'PIT');
insert into Reservation values ('135', '000000135', 231, '8802722450786243', to_date('11-16-2016', 'MM-DD-YYYY'), 'Y', 'JFK', 'PIT');
insert into Reservation values ('136', '000000136', 231, '8802722450786243', to_date('11-16-2016', 'MM-DD-YYYY'), 'Y', 'JFK', 'PIT');
insert into Reservation values ('137', '000000137', 231, '8802722450786243', to_date('11-16-2016', 'MM-DD-YYYY'), 'Y', 'JFK', 'PIT');
insert into Reservation values ('138', '000000138', 231, '8802722450786243', to_date('11-16-2016', 'MM-DD-YYYY'), 'Y', 'JFK', 'PIT');
insert into Reservation values ('139', '000000139', 231, '8802722450786243', to_date('11-16-2016', 'MM-DD-YYYY'), 'Y', 'JFK', 'PIT');
insert into Reservation values ('140', '000000140', 231, '8802722450786243', to_date('11-16-2016', 'MM-DD-YYYY'), 'Y', 'JFK', 'PIT');
insert into Reservation values ('141', '000000141', 231, '8802722450786243', to_date('11-16-2016', 'MM-DD-YYYY'), 'Y', 'JFK', 'PIT');
insert into Reservation values ('142', '000000142', 231, '8802722450786243', to_date('11-16-2016', 'MM-DD-YYYY'), 'Y', 'JFK', 'PIT');
insert into Reservation values ('143', '000000143', 231, '8802722450786243', to_date('11-16-2016', 'MM-DD-YYYY'), 'Y', 'JFK', 'PIT');
insert into Reservation values ('144', '000000144', 231, '8802722450786243', to_date('11-16-2016', 'MM-DD-YYYY'), 'Y', 'JFK', 'PIT');
insert into Reservation values ('145', '000000145', 231, '8802722450786243', to_date('11-16-2016', 'MM-DD-YYYY'), 'Y', 'JFK', 'PIT');
insert into Reservation values ('146', '000000146', 231, '8802722450786243', to_date('11-16-2016', 'MM-DD-YYYY'), 'Y', 'JFK', 'PIT');
insert into Reservation values ('147', '000000147', 231, '8802722450786243', to_date('11-16-2016', 'MM-DD-YYYY'), 'Y', 'JFK', 'PIT');
insert into Reservation values ('148', '000000148', 231, '8802722450786243', to_date('11-16-2016', 'MM-DD-YYYY'), 'Y', 'JFK', 'PIT');
insert into Reservation values ('149', '000000149', 231, '8802722450786243', to_date('11-16-2016', 'MM-DD-YYYY'), 'Y', 'JFK', 'PIT');
insert into Reservation values ('150', '000000150', 231, '8802722450786243', to_date('11-16-2016', 'MM-DD-YYYY'), 'Y', 'JFK', 'PIT');
insert into Reservation values ('151', '000000151', 231, '8802722450786243', to_date('11-16-2016', 'MM-DD-YYYY'), 'Y', 'JFK', 'PIT');
insert into Reservation values ('152', '000000152', 231, '8802722450786243', to_date('11-16-2016', 'MM-DD-YYYY'), 'Y', 'JFK', 'PIT');
insert into Reservation values ('153', '000000153', 231, '8802722450786243', to_date('11-16-2016', 'MM-DD-YYYY'), 'Y', 'JFK', 'PIT');
insert into Reservation values ('154', '000000154', 231, '8802722450786243', to_date('11-16-2016', 'MM-DD-YYYY'), 'Y', 'JFK', 'PIT');
insert into Reservation values ('155', '000000155', 231, '8802722450786243', to_date('11-16-2016', 'MM-DD-YYYY'), 'Y', 'JFK', 'PIT');
insert into Reservation values ('156', '000000156', 231, '8802722450786243', to_date('11-16-2016', 'MM-DD-YYYY'), 'Y', 'JFK', 'PIT');
insert into Reservation values ('157', '000000157', 231, '8802722450786243', to_date('11-16-2016', 'MM-DD-YYYY'), 'Y', 'JFK', 'PIT');
insert into Reservation values ('158', '000000158', 231, '8802722450786243', to_date('11-16-2016', 'MM-DD-YYYY'), 'Y', 'JFK', 'PIT');
insert into Reservation values ('159', '000000159', 231, '8802722450786243', to_date('11-16-2016', 'MM-DD-YYYY'), 'Y', 'JFK', 'PIT');
insert into Reservation values ('160', '000000160', 231, '8802722450786243', to_date('11-16-2016', 'MM-DD-YYYY'), 'Y', 'JFK', 'PIT');
insert into Reservation values ('161', '000000161', 231, '8802722450786243', to_date('11-16-2016', 'MM-DD-YYYY'), 'Y', 'JFK', 'PIT');
insert into Reservation values ('162', '000000162', 231, '8802722450786243', to_date('11-16-2016', 'MM-DD-YYYY'), 'Y', 'JFK', 'PIT');
insert into Reservation values ('163', '000000163', 231, '8802722450786243', to_date('11-16-2016', 'MM-DD-YYYY'), 'Y', 'JFK', 'PIT');
insert into Reservation values ('164', '000000164', 231, '8802722450786243', to_date('11-16-2016', 'MM-DD-YYYY'), 'Y', 'JFK', 'PIT');
insert into Reservation values ('165', '000000165', 231, '8802722450786243', to_date('11-16-2016', 'MM-DD-YYYY'), 'Y', 'JFK', 'PIT');
insert into Reservation values ('166', '000000166', 231, '8802722450786243', to_date('11-16-2016', 'MM-DD-YYYY'), 'Y', 'JFK', 'PIT');
insert into Reservation values ('167', '000000167', 231, '8802722450786243', to_date('11-16-2016', 'MM-DD-YYYY'), 'Y', 'JFK', 'PIT');
insert into Reservation values ('168', '000000168', 231, '8802722450786243', to_date('11-16-2016', 'MM-DD-YYYY'), 'Y', 'JFK', 'PIT');
insert into Reservation values ('169', '000000169', 231, '8802722450786243', to_date('11-16-2016', 'MM-DD-YYYY'), 'Y', 'JFK', 'PIT');
insert into Reservation values ('170', '000000170', 231, '8802722450786243', to_date('11-16-2016', 'MM-DD-YYYY'), 'Y', 'JFK', 'PIT');
insert into Reservation values ('171', '000000171', 231, '8802722450786243', to_date('11-16-2016', 'MM-DD-YYYY'), 'Y', 'JFK', 'PIT');
insert into Reservation values ('172', '000000172', 231, '8802722450786243', to_date('11-16-2016', 'MM-DD-YYYY'), 'Y', 'JFK', 'PIT');
insert into Reservation values ('173', '000000173', 231, '8802722450786243', to_date('11-16-2016', 'MM-DD-YYYY'), 'Y', 'JFK', 'PIT');
insert into Reservation values ('174', '000000174', 231, '8802722450786243', to_date('11-16-2016', 'MM-DD-YYYY'), 'Y', 'JFK', 'PIT');
insert into Reservation values ('175', '000000175', 231, '8802722450786243', to_date('11-16-2016', 'MM-DD-YYYY'), 'Y', 'JFK', 'PIT');
insert into Reservation values ('176', '000000176', 231, '8802722450786243', to_date('11-16-2016', 'MM-DD-YYYY'), 'Y', 'JFK', 'PIT');
insert into Reservation values ('177', '000000177', 231, '8802722450786243', to_date('11-16-2016', 'MM-DD-YYYY'), 'Y', 'JFK', 'PIT');
insert into Reservation values ('178', '000000178', 231, '8802722450786243', to_date('11-16-2016', 'MM-DD-YYYY'), 'Y', 'JFK', 'PIT');
insert into Reservation values ('179', '000000179', 231, '8802722450786243', to_date('11-16-2016', 'MM-DD-YYYY'), 'Y', 'JFK', 'PIT');
insert into Reservation values ('180', '000000180', 231, '8802722450786243', to_date('11-16-2016', 'MM-DD-YYYY'), 'Y', 'JFK', 'PIT');
insert into Reservation values ('181', '000000181', 231, '8802722450786243', to_date('11-16-2016', 'MM-DD-YYYY'), 'Y', 'JFK', 'PIT');
insert into Reservation values ('182', '000000182', 231, '8802722450786243', to_date('11-16-2016', 'MM-DD-YYYY'), 'Y', 'JFK', 'PIT');
insert into Reservation values ('183', '000000183', 231, '8802722450786243', to_date('11-16-2016', 'MM-DD-YYYY'), 'Y', 'JFK', 'PIT');
insert into Reservation values ('184', '000000184', 231, '8802722450786243', to_date('11-16-2016', 'MM-DD-YYYY'), 'Y', 'JFK', 'PIT');
insert into Reservation values ('185', '000000185', 231, '8802722450786243', to_date('11-16-2016', 'MM-DD-YYYY'), 'Y', 'JFK', 'PIT');
insert into Reservation values ('186', '000000186', 231, '8802722450786243', to_date('11-16-2016', 'MM-DD-YYYY'), 'Y', 'JFK', 'PIT');
insert into Reservation values ('187', '000000187', 231, '8802722450786243', to_date('11-16-2016', 'MM-DD-YYYY'), 'Y', 'JFK', 'PIT');
insert into Reservation values ('188', '000000188', 231, '8802722450786243', to_date('11-16-2016', 'MM-DD-YYYY'), 'Y', 'JFK', 'PIT');
insert into Reservation values ('189', '000000189', 231, '8802722450786243', to_date('11-16-2016', 'MM-DD-YYYY'), 'Y', 'JFK', 'PIT');
insert into Reservation values ('190', '000000190', 231, '8802722450786243', to_date('11-16-2016', 'MM-DD-YYYY'), 'Y', 'JFK', 'PIT');
insert into Reservation values ('191', '000000191', 231, '8802722450786243', to_date('11-16-2016', 'MM-DD-YYYY'), 'Y', 'JFK', 'PIT');
insert into Reservation values ('192', '000000192', 231, '8802722450786243', to_date('11-16-2016', 'MM-DD-YYYY'), 'Y', 'JFK', 'PIT');
insert into Reservation values ('193', '000000193', 231, '8802722450786243', to_date('11-16-2016', 'MM-DD-YYYY'), 'Y', 'JFK', 'PIT');
insert into Reservation values ('194', '000000194', 231, '8802722450786243', to_date('11-16-2016', 'MM-DD-YYYY'), 'Y', 'JFK', 'PIT');
insert into Reservation values ('195', '000000195', 231, '8802722450786243', to_date('11-16-2016', 'MM-DD-YYYY'), 'Y', 'JFK', 'PIT');
insert into Reservation values ('196', '000000196', 231, '8802722450786243', to_date('11-16-2016', 'MM-DD-YYYY'), 'Y', 'JFK', 'PIT');
insert into Reservation values ('197', '000000197', 231, '8802722450786243', to_date('11-16-2016', 'MM-DD-YYYY'), 'Y', 'JFK', 'PIT');
insert into Reservation values ('198', '000000198', 231, '8802722450786243', to_date('11-16-2016', 'MM-DD-YYYY'), 'Y', 'JFK', 'PIT');
insert into Reservation values ('199', '000000199', 231, '8802722450786243', to_date('11-16-2016', 'MM-DD-YYYY'), 'Y', 'JFK', 'PIT');
insert into Reservation values ('200', '000000200', 231, '8802722450786243', to_date('11-16-2016', 'MM-DD-YYYY'), 'Y', 'JFK', 'PIT');
insert into Reservation values ('201', '000000001', 103, '8802722450786243', to_date('11-16-2016', 'MM-DD-YYYY'), 'Y', 'JFK', 'SEA');
insert into Reservation values ('202', '000000002', 103, '8802722450786243', to_date('11-16-2016', 'MM-DD-YYYY'), 'Y', 'JFK', 'SEA');
insert into Reservation values ('203', '000000003', 103, '8802722450786243', to_date('11-16-2016', 'MM-DD-YYYY'), 'Y', 'JFK', 'SEA');
insert into Reservation values ('204', '000000004', 103, '8802722450786243', to_date('11-16-2016', 'MM-DD-YYYY'), 'Y', 'JFK', 'SEA');
insert into Reservation values ('205', '000000005', 103, '8802722450786243', to_date('11-16-2016', 'MM-DD-YYYY'), 'Y', 'JFK', 'SEA');
insert into Reservation values ('206', '000000006', 103, '8802722450786243', to_date('11-16-2016', 'MM-DD-YYYY'), 'Y', 'JFK', 'SEA');
insert into Reservation values ('207', '000000007', 103, '8802722450786243', to_date('11-16-2016', 'MM-DD-YYYY'), 'Y', 'JFK', 'SEA');
insert into Reservation values ('208', '000000008', 103, '8802722450786243', to_date('11-16-2016', 'MM-DD-YYYY'), 'Y', 'JFK', 'SEA');
insert into Reservation values ('209', '000000009', 103, '8802722450786243', to_date('11-16-2016', 'MM-DD-YYYY'), 'Y', 'JFK', 'SEA');
insert into Reservation values ('210', '000000010', 103, '8802722450786243', to_date('11-16-2016', 'MM-DD-YYYY'), 'Y', 'JFK', 'SEA');
insert into Reservation values ('211', '000000011', 103, '8802722450786243', to_date('11-16-2016', 'MM-DD-YYYY'), 'Y', 'JFK', 'SEA');
insert into Reservation values ('212', '000000012', 103, '8802722450786243', to_date('11-16-2016', 'MM-DD-YYYY'), 'Y', 'JFK', 'SEA');
insert into Reservation values ('213', '000000013', 103, '8802722450786243', to_date('11-16-2016', 'MM-DD-YYYY'), 'Y', 'JFK', 'SEA');
insert into Reservation values ('214', '000000014', 103, '8802722450786243', to_date('11-16-2016', 'MM-DD-YYYY'), 'Y', 'JFK', 'SEA');
insert into Reservation values ('215', '000000015', 103, '8802722450786243', to_date('11-16-2016', 'MM-DD-YYYY'), 'Y', 'JFK', 'SEA');
insert into Reservation values ('216', '000000016', 103, '8802722450786243', to_date('11-16-2016', 'MM-DD-YYYY'), 'Y', 'JFK', 'SEA');
insert into Reservation values ('217', '000000017', 103, '8802722450786243', to_date('11-16-2016', 'MM-DD-YYYY'), 'Y', 'JFK', 'SEA');
insert into Reservation values ('218', '000000018', 103, '8802722450786243', to_date('11-16-2016', 'MM-DD-YYYY'), 'Y', 'JFK', 'SEA');
insert into Reservation values ('219', '000000019', 103, '8802722450786243', to_date('11-16-2016', 'MM-DD-YYYY'), 'Y', 'JFK', 'SEA');
insert into Reservation values ('220', '000000020', 103, '8802722450786243', to_date('11-16-2016', 'MM-DD-YYYY'), 'Y', 'JFK', 'SEA');
insert into Reservation values ('221', '000000021', 103, '8802722450786243', to_date('11-16-2016', 'MM-DD-YYYY'), 'Y', 'JFK', 'SEA');
insert into Reservation values ('222', '000000022', 103, '8802722450786243', to_date('11-16-2016', 'MM-DD-YYYY'), 'Y', 'JFK', 'SEA');
insert into Reservation values ('223', '000000023', 103, '8802722450786243', to_date('11-16-2016', 'MM-DD-YYYY'), 'Y', 'JFK', 'SEA');
insert into Reservation values ('224', '000000024', 103, '8802722450786243', to_date('11-16-2016', 'MM-DD-YYYY'), 'Y', 'JFK', 'SEA');
insert into Reservation values ('225', '000000025', 103, '8802722450786243', to_date('11-16-2016', 'MM-DD-YYYY'), 'Y', 'JFK', 'SEA');
insert into Reservation values ('226', '000000026', 103, '8802722450786243', to_date('11-16-2016', 'MM-DD-YYYY'), 'Y', 'JFK', 'SEA');
insert into Reservation values ('227', '000000027', 103, '8802722450786243', to_date('11-16-2016', 'MM-DD-YYYY'), 'Y', 'JFK', 'SEA');
insert into Reservation values ('228', '000000028', 103, '8802722450786243', to_date('11-16-2016', 'MM-DD-YYYY'), 'Y', 'JFK', 'SEA');
insert into Reservation values ('229', '000000029', 103, '8802722450786243', to_date('11-16-2016', 'MM-DD-YYYY'), 'Y', 'JFK', 'SEA');
insert into Reservation values ('230', '000000030', 103, '8802722450786243', to_date('11-16-2016', 'MM-DD-YYYY'), 'Y', 'JFK', 'SEA');
insert into Reservation values ('231', '000000031', 103, '8802722450786243', to_date('11-16-2016', 'MM-DD-YYYY'), 'Y', 'JFK', 'SEA');
insert into Reservation values ('232', '000000032', 103, '8802722450786243', to_date('11-16-2016', 'MM-DD-YYYY'), 'Y', 'JFK', 'SEA');
insert into Reservation values ('233', '000000033', 103, '8802722450786243', to_date('11-16-2016', 'MM-DD-YYYY'), 'Y', 'JFK', 'SEA');
insert into Reservation values ('234', '000000034', 103, '8802722450786243', to_date('11-16-2016', 'MM-DD-YYYY'), 'Y', 'JFK', 'SEA');
insert into Reservation values ('235', '000000035', 103, '8802722450786243', to_date('11-16-2016', 'MM-DD-YYYY'), 'Y', 'JFK', 'SEA');
insert into Reservation values ('236', '000000036', 103, '8802722450786243', to_date('11-16-2016', 'MM-DD-YYYY'), 'Y', 'JFK', 'SEA');
insert into Reservation values ('237', '000000037', 103, '8802722450786243', to_date('11-16-2016', 'MM-DD-YYYY'), 'Y', 'JFK', 'SEA');
insert into Reservation values ('238', '000000038', 103, '8802722450786243', to_date('11-16-2016', 'MM-DD-YYYY'), 'Y', 'JFK', 'SEA');
insert into Reservation values ('239', '000000039', 103, '8802722450786243', to_date('11-16-2016', 'MM-DD-YYYY'), 'Y', 'JFK', 'SEA');
insert into Reservation values ('240', '000000040', 103, '8802722450786243', to_date('11-16-2016', 'MM-DD-YYYY'), 'Y', 'JFK', 'SEA');
insert into Reservation values ('241', '000000041', 103, '8802722450786243', to_date('11-16-2016', 'MM-DD-YYYY'), 'Y', 'JFK', 'SEA');
insert into Reservation values ('242', '000000042', 103, '8802722450786243', to_date('11-16-2016', 'MM-DD-YYYY'), 'Y', 'JFK', 'SEA');
insert into Reservation values ('243', '000000043', 103, '8802722450786243', to_date('11-16-2016', 'MM-DD-YYYY'), 'Y', 'JFK', 'SEA');
insert into Reservation values ('244', '000000044', 103, '8802722450786243', to_date('11-16-2016', 'MM-DD-YYYY'), 'Y', 'JFK', 'SEA');
insert into Reservation values ('245', '000000045', 103, '8802722450786243', to_date('11-16-2016', 'MM-DD-YYYY'), 'Y', 'JFK', 'SEA');
insert into Reservation values ('246', '000000046', 103, '8802722450786243', to_date('11-16-2016', 'MM-DD-YYYY'), 'Y', 'JFK', 'SEA');
insert into Reservation values ('247', '000000047', 103, '8802722450786243', to_date('11-16-2016', 'MM-DD-YYYY'), 'Y', 'JFK', 'SEA');
insert into Reservation values ('248', '000000048', 103, '8802722450786243', to_date('11-16-2016', 'MM-DD-YYYY'), 'Y', 'JFK', 'SEA');
insert into Reservation values ('249', '000000049', 103, '8802722450786243', to_date('11-16-2016', 'MM-DD-YYYY'), 'Y', 'JFK', 'SEA');
insert into Reservation values ('250', '000000050', 103, '8802722450786243', to_date('11-16-2016', 'MM-DD-YYYY'), 'Y', 'JFK', 'SEA');
insert into Reservation values ('251', '000000051', 103, '8802722450786243', to_date('11-16-2016', 'MM-DD-YYYY'), 'Y', 'JFK', 'SEA');
insert into Reservation values ('252', '000000052', 103, '8802722450786243', to_date('11-16-2016', 'MM-DD-YYYY'), 'Y', 'JFK', 'SEA');
insert into Reservation values ('253', '000000053', 103, '8802722450786243', to_date('11-16-2016', 'MM-DD-YYYY'), 'Y', 'JFK', 'SEA');
insert into Reservation values ('254', '000000054', 103, '8802722450786243', to_date('11-16-2016', 'MM-DD-YYYY'), 'Y', 'JFK', 'SEA');
insert into Reservation values ('255', '000000055', 103, '8802722450786243', to_date('11-16-2016', 'MM-DD-YYYY'), 'Y', 'JFK', 'SEA');
insert into Reservation values ('256', '000000056', 103, '8802722450786243', to_date('11-16-2016', 'MM-DD-YYYY'), 'Y', 'JFK', 'SEA');
insert into Reservation values ('257', '000000057', 103, '8802722450786243', to_date('11-16-2016', 'MM-DD-YYYY'), 'Y', 'JFK', 'SEA');
insert into Reservation values ('258', '000000058', 103, '8802722450786243', to_date('11-16-2016', 'MM-DD-YYYY'), 'Y', 'JFK', 'SEA');
insert into Reservation values ('259', '000000059', 103, '8802722450786243', to_date('11-16-2016', 'MM-DD-YYYY'), 'Y', 'JFK', 'SEA');
insert into Reservation values ('260', '000000060', 103, '8802722450786243', to_date('11-16-2016', 'MM-DD-YYYY'), 'Y', 'JFK', 'SEA');
insert into Reservation values ('261', '000000061', 103, '8802722450786243', to_date('11-16-2016', 'MM-DD-YYYY'), 'Y', 'JFK', 'SEA');
insert into Reservation values ('262', '000000062', 103, '8802722450786243', to_date('11-16-2016', 'MM-DD-YYYY'), 'Y', 'JFK', 'SEA');
insert into Reservation values ('263', '000000063', 103, '8802722450786243', to_date('11-16-2016', 'MM-DD-YYYY'), 'Y', 'JFK', 'SEA');
insert into Reservation values ('264', '000000064', 103, '8802722450786243', to_date('11-16-2016', 'MM-DD-YYYY'), 'Y', 'JFK', 'SEA');
insert into Reservation values ('265', '000000065', 103, '8802722450786243', to_date('11-16-2016', 'MM-DD-YYYY'), 'Y', 'JFK', 'SEA');
insert into Reservation values ('266', '000000066', 103, '8802722450786243', to_date('11-16-2016', 'MM-DD-YYYY'), 'Y', 'JFK', 'SEA');
insert into Reservation values ('267', '000000067', 103, '8802722450786243', to_date('11-16-2016', 'MM-DD-YYYY'), 'Y', 'JFK', 'SEA');
insert into Reservation values ('268', '000000068', 103, '8802722450786243', to_date('11-16-2016', 'MM-DD-YYYY'), 'Y', 'JFK', 'SEA');
insert into Reservation values ('269', '000000069', 103, '8802722450786243', to_date('11-16-2016', 'MM-DD-YYYY'), 'Y', 'JFK', 'SEA');
insert into Reservation values ('270', '000000070', 103, '8802722450786243', to_date('11-16-2016', 'MM-DD-YYYY'), 'Y', 'JFK', 'SEA');
insert into Reservation values ('271', '000000071', 103, '8802722450786243', to_date('11-16-2016', 'MM-DD-YYYY'), 'Y', 'JFK', 'SEA');
insert into Reservation values ('272', '000000072', 103, '8802722450786243', to_date('11-16-2016', 'MM-DD-YYYY'), 'Y', 'JFK', 'SEA');
insert into Reservation values ('273', '000000073', 103, '8802722450786243', to_date('11-16-2016', 'MM-DD-YYYY'), 'Y', 'JFK', 'SEA');
insert into Reservation values ('274', '000000074', 103, '8802722450786243', to_date('11-16-2016', 'MM-DD-YYYY'), 'Y', 'JFK', 'SEA');
insert into Reservation values ('275', '000000075', 103, '8802722450786243', to_date('11-16-2016', 'MM-DD-YYYY'), 'Y', 'JFK', 'SEA');
insert into Reservation values ('276', '000000076', 103, '8802722450786243', to_date('11-16-2016', 'MM-DD-YYYY'), 'Y', 'JFK', 'SEA');
insert into Reservation values ('277', '000000077', 103, '8802722450786243', to_date('11-16-2016', 'MM-DD-YYYY'), 'Y', 'JFK', 'SEA');
insert into Reservation values ('278', '000000078', 103, '8802722450786243', to_date('11-16-2016', 'MM-DD-YYYY'), 'Y', 'JFK', 'SEA');
insert into Reservation values ('279', '000000079', 103, '8802722450786243', to_date('11-16-2016', 'MM-DD-YYYY'), 'Y', 'JFK', 'SEA');
insert into Reservation values ('280', '000000080', 103, '8802722450786243', to_date('11-16-2016', 'MM-DD-YYYY'), 'Y', 'JFK', 'SEA');
insert into Reservation values ('281', '000000081', 103, '8802722450786243', to_date('11-16-2016', 'MM-DD-YYYY'), 'Y', 'JFK', 'SEA');
insert into Reservation values ('282', '000000082', 103, '8802722450786243', to_date('11-16-2016', 'MM-DD-YYYY'), 'Y', 'JFK', 'SEA');
insert into Reservation values ('283', '000000083', 103, '8802722450786243', to_date('11-16-2016', 'MM-DD-YYYY'), 'Y', 'JFK', 'SEA');
insert into Reservation values ('284', '000000084', 103, '8802722450786243', to_date('11-16-2016', 'MM-DD-YYYY'), 'Y', 'JFK', 'SEA');
insert into Reservation values ('285', '000000085', 103, '8802722450786243', to_date('11-16-2016', 'MM-DD-YYYY'), 'Y', 'JFK', 'SEA');
insert into Reservation values ('286', '000000086', 103, '8802722450786243', to_date('11-16-2016', 'MM-DD-YYYY'), 'Y', 'JFK', 'SEA');
insert into Reservation values ('287', '000000087', 103, '8802722450786243', to_date('11-16-2016', 'MM-DD-YYYY'), 'Y', 'JFK', 'SEA');
insert into Reservation values ('288', '000000088', 103, '8802722450786243', to_date('11-16-2016', 'MM-DD-YYYY'), 'Y', 'JFK', 'SEA');
insert into Reservation values ('289', '000000089', 103, '8802722450786243', to_date('11-16-2016', 'MM-DD-YYYY'), 'Y', 'JFK', 'SEA');
insert into Reservation values ('290', '000000090', 103, '8802722450786243', to_date('11-16-2016', 'MM-DD-YYYY'), 'Y', 'JFK', 'SEA');
insert into Reservation values ('291', '000000091', 103, '8802722450786243', to_date('11-16-2016', 'MM-DD-YYYY'), 'Y', 'JFK', 'SEA');
insert into Reservation values ('292', '000000092', 103, '8802722450786243', to_date('11-16-2016', 'MM-DD-YYYY'), 'Y', 'JFK', 'SEA');
insert into Reservation values ('293', '000000093', 103, '8802722450786243', to_date('11-16-2016', 'MM-DD-YYYY'), 'Y', 'JFK', 'SEA');
insert into Reservation values ('294', '000000094', 103, '8802722450786243', to_date('11-16-2016', 'MM-DD-YYYY'), 'Y', 'JFK', 'SEA');
insert into Reservation values ('295', '000000095', 103, '8802722450786243', to_date('11-16-2016', 'MM-DD-YYYY'), 'Y', 'JFK', 'SEA');
insert into Reservation values ('296', '000000096', 103, '8802722450786243', to_date('11-16-2016', 'MM-DD-YYYY'), 'Y', 'JFK', 'SEA');
insert into Reservation values ('297', '000000097', 103, '8802722450786243', to_date('11-16-2016', 'MM-DD-YYYY'), 'Y', 'JFK', 'SEA');
insert into Reservation values ('298', '000000098', 103, '8802722450786243', to_date('11-16-2016', 'MM-DD-YYYY'), 'Y', 'JFK', 'SEA');
insert into Reservation values ('299', '000000099', 103, '8802722450786243', to_date('11-16-2016', 'MM-DD-YYYY'), 'Y', 'JFK', 'SEA');
insert into Reservation values ('300', '000000100', 103, '8802722450786243', to_date('11-16-2016', 'MM-DD-YYYY'), 'Y', 'JFK', 'SEA');
commit;

--Reservation Detail Sample Data
insert into Reservation_detail values ('001', '001', to_date('12-12-2016','MM-DD-YYYY'), 0);
insert into Reservation_detail values ('002', '002', to_date('12-12-2016','MM-DD-YYYY'), 0);
insert into Reservation_detail values ('003', '003', to_date('12-12-2016','MM-DD-YYYY'), 0);
insert into Reservation_detail values ('004', '004', to_date('12-12-2016','MM-DD-YYYY'), 0);
insert into Reservation_detail values ('005', '005', to_date('12-12-2016','MM-DD-YYYY'), 0);
insert into Reservation_detail values ('006', '006', to_date('12-12-2016','MM-DD-YYYY'), 0);
insert into Reservation_detail values ('007', '007', to_date('12-12-2016','MM-DD-YYYY'), 0);
insert into Reservation_detail values ('008', '008', to_date('12-12-2016','MM-DD-YYYY'), 0);
insert into Reservation_detail values ('009', '009', to_date('12-12-2016','MM-DD-YYYY'), 0);
insert into Reservation_detail values ('010', '011', to_date('12-12-2016','MM-DD-YYYY'), 0);
insert into Reservation_detail values ('011', '011', to_date('12-12-2016','MM-DD-YYYY'), 0);
insert into Reservation_detail values ('012', '011', to_date('12-12-2016','MM-DD-YYYY'), 0);
insert into Reservation_detail values ('013', '011', to_date('12-12-2016','MM-DD-YYYY'), 0);
insert into Reservation_detail values ('014', '011', to_date('12-12-2016','MM-DD-YYYY'), 0);
insert into Reservation_detail values ('015', '011', to_date('12-12-2016','MM-DD-YYYY'), 0);
insert into Reservation_detail values ('016', '011', to_date('12-12-2016','MM-DD-YYYY'), 0);
insert into Reservation_detail values ('017', '011', to_date('12-12-2016','MM-DD-YYYY'), 0);
insert into Reservation_detail values ('018', '011', to_date('12-12-2016','MM-DD-YYYY'), 0);
insert into Reservation_detail values ('019', '011', to_date('12-12-2016','MM-DD-YYYY'), 0);
insert into Reservation_detail values ('020', '011', to_date('12-12-2016','MM-DD-YYYY'), 0);
insert into Reservation_detail values ('021', '011', to_date('12-12-2016','MM-DD-YYYY'), 0);
insert into Reservation_detail values ('022', '011', to_date('12-12-2016','MM-DD-YYYY'), 0);
insert into Reservation_detail values ('023', '011', to_date('12-12-2016','MM-DD-YYYY'), 0);
insert into Reservation_detail values ('024', '011', to_date('12-12-2016','MM-DD-YYYY'), 0);
insert into Reservation_detail values ('025', '011', to_date('12-12-2016','MM-DD-YYYY'), 0);
insert into Reservation_detail values ('026', '011', to_date('12-12-2016','MM-DD-YYYY'), 0);
insert into Reservation_detail values ('027', '011', to_date('12-12-2016','MM-DD-YYYY'), 0);
insert into Reservation_detail values ('028', '011', to_date('12-12-2016','MM-DD-YYYY'), 0);
insert into Reservation_detail values ('029', '011', to_date('12-12-2016','MM-DD-YYYY'), 0);
insert into Reservation_detail values ('030', '011', to_date('12-12-2016','MM-DD-YYYY'), 0);
insert into Reservation_detail values ('031', '011', to_date('12-12-2016','MM-DD-YYYY'), 0);
insert into Reservation_detail values ('032', '011', to_date('12-12-2016','MM-DD-YYYY'), 0);
insert into Reservation_detail values ('033', '011', to_date('12-12-2016','MM-DD-YYYY'), 0);
insert into Reservation_detail values ('034', '011', to_date('12-12-2016','MM-DD-YYYY'), 0);
insert into Reservation_detail values ('035', '011', to_date('12-12-2016','MM-DD-YYYY'), 0);
insert into Reservation_detail values ('036', '011', to_date('12-12-2016','MM-DD-YYYY'), 0);
insert into Reservation_detail values ('037', '011', to_date('12-12-2016','MM-DD-YYYY'), 0);
insert into Reservation_detail values ('038', '011', to_date('12-12-2016','MM-DD-YYYY'), 0);
insert into Reservation_detail values ('039', '011', to_date('12-12-2016','MM-DD-YYYY'), 0);
insert into Reservation_detail values ('040', '011', to_date('12-12-2016','MM-DD-YYYY'), 0);
insert into Reservation_detail values ('041', '011', to_date('12-12-2016','MM-DD-YYYY'), 0);
insert into Reservation_detail values ('042', '011', to_date('12-12-2016','MM-DD-YYYY'), 0);
insert into Reservation_detail values ('043', '011', to_date('12-12-2016','MM-DD-YYYY'), 0);
insert into Reservation_detail values ('044', '011', to_date('12-12-2016','MM-DD-YYYY'), 0);
insert into Reservation_detail values ('045', '011', to_date('12-12-2016','MM-DD-YYYY'), 0);
insert into Reservation_detail values ('046', '011', to_date('12-12-2016','MM-DD-YYYY'), 0);
insert into Reservation_detail values ('047', '011', to_date('12-12-2016','MM-DD-YYYY'), 0);
insert into Reservation_detail values ('048', '011', to_date('12-12-2016','MM-DD-YYYY'), 0);
insert into Reservation_detail values ('049', '011', to_date('12-12-2016','MM-DD-YYYY'), 0);
insert into Reservation_detail values ('050', '011', to_date('12-12-2016','MM-DD-YYYY'), 0);
insert into Reservation_detail values ('051', '011', to_date('12-12-2016','MM-DD-YYYY'), 0);
insert into Reservation_detail values ('052', '011', to_date('12-12-2016','MM-DD-YYYY'), 0);
insert into Reservation_detail values ('053', '011', to_date('12-12-2016','MM-DD-YYYY'), 0);
insert into Reservation_detail values ('054', '011', to_date('12-12-2016','MM-DD-YYYY'), 0);
insert into Reservation_detail values ('055', '011', to_date('12-12-2016','MM-DD-YYYY'), 0);
insert into Reservation_detail values ('056', '011', to_date('12-12-2016','MM-DD-YYYY'), 0);
insert into Reservation_detail values ('057', '011', to_date('12-12-2016','MM-DD-YYYY'), 0);
insert into Reservation_detail values ('058', '011', to_date('12-12-2016','MM-DD-YYYY'), 0);
insert into Reservation_detail values ('059', '011', to_date('12-12-2016','MM-DD-YYYY'), 0);
insert into Reservation_detail values ('060', '011', to_date('12-12-2016','MM-DD-YYYY'), 0);
insert into Reservation_detail values ('061', '011', to_date('12-12-2016','MM-DD-YYYY'), 0);
insert into Reservation_detail values ('062', '011', to_date('12-12-2016','MM-DD-YYYY'), 0);
insert into Reservation_detail values ('063', '011', to_date('12-12-2016','MM-DD-YYYY'), 0);
insert into Reservation_detail values ('064', '011', to_date('12-12-2016','MM-DD-YYYY'), 0);
insert into Reservation_detail values ('065', '011', to_date('12-12-2016','MM-DD-YYYY'), 0);
insert into Reservation_detail values ('066', '011', to_date('12-12-2016','MM-DD-YYYY'), 0);
insert into Reservation_detail values ('067', '011', to_date('12-12-2016','MM-DD-YYYY'), 0);
insert into Reservation_detail values ('068', '011', to_date('12-12-2016','MM-DD-YYYY'), 0);
insert into Reservation_detail values ('069', '011', to_date('12-12-2016','MM-DD-YYYY'), 0);
insert into Reservation_detail values ('070', '011', to_date('12-12-2016','MM-DD-YYYY'), 0);
insert into Reservation_detail values ('071', '011', to_date('12-12-2016','MM-DD-YYYY'), 0);
insert into Reservation_detail values ('072', '011', to_date('12-12-2016','MM-DD-YYYY'), 0);
insert into Reservation_detail values ('073', '011', to_date('12-12-2016','MM-DD-YYYY'), 0);
insert into Reservation_detail values ('074', '011', to_date('12-12-2016','MM-DD-YYYY'), 0);
insert into Reservation_detail values ('075', '011', to_date('12-12-2016','MM-DD-YYYY'), 0);
insert into Reservation_detail values ('076', '011', to_date('12-12-2016','MM-DD-YYYY'), 0);
insert into Reservation_detail values ('077', '011', to_date('12-12-2016','MM-DD-YYYY'), 0);
insert into Reservation_detail values ('078', '011', to_date('12-12-2016','MM-DD-YYYY'), 0);
insert into Reservation_detail values ('079', '011', to_date('12-12-2016','MM-DD-YYYY'), 0);
insert into Reservation_detail values ('080', '011', to_date('12-12-2016','MM-DD-YYYY'), 0);
insert into Reservation_detail values ('081', '011', to_date('12-12-2016','MM-DD-YYYY'), 0);
insert into Reservation_detail values ('082', '011', to_date('12-12-2016','MM-DD-YYYY'), 0);
insert into Reservation_detail values ('083', '011', to_date('12-12-2016','MM-DD-YYYY'), 0);
insert into Reservation_detail values ('084', '011', to_date('12-12-2016','MM-DD-YYYY'), 0);
insert into Reservation_detail values ('085', '011', to_date('12-12-2016','MM-DD-YYYY'), 0);
insert into Reservation_detail values ('086', '011', to_date('12-12-2016','MM-DD-YYYY'), 0);
insert into Reservation_detail values ('087', '011', to_date('12-12-2016','MM-DD-YYYY'), 0);
insert into Reservation_detail values ('088', '011', to_date('12-12-2016','MM-DD-YYYY'), 0);
insert into Reservation_detail values ('089', '011', to_date('12-12-2016','MM-DD-YYYY'), 0);
insert into Reservation_detail values ('090', '011', to_date('12-12-2016','MM-DD-YYYY'), 0);
insert into Reservation_detail values ('091', '011', to_date('12-12-2016','MM-DD-YYYY'), 0);
insert into Reservation_detail values ('092', '011', to_date('12-12-2016','MM-DD-YYYY'), 0);
insert into Reservation_detail values ('093', '011', to_date('12-12-2016','MM-DD-YYYY'), 0);
insert into Reservation_detail values ('094', '011', to_date('12-12-2016','MM-DD-YYYY'), 0);
insert into Reservation_detail values ('095', '011', to_date('12-12-2016','MM-DD-YYYY'), 0);
insert into Reservation_detail values ('096', '011', to_date('12-12-2016','MM-DD-YYYY'), 0);
insert into Reservation_detail values ('097', '011', to_date('12-12-2016','MM-DD-YYYY'), 0);
insert into Reservation_detail values ('098', '011', to_date('12-12-2016','MM-DD-YYYY'), 0);
insert into Reservation_detail values ('099', '011', to_date('12-12-2016','MM-DD-YYYY'), 0);
insert into Reservation_detail values ('100', '011', to_date('12-12-2016','MM-DD-YYYY'), 0);
insert into Reservation_detail values ('101', '011', to_date('12-12-2016','MM-DD-YYYY'), 0);
insert into Reservation_detail values ('102', '011', to_date('12-12-2016','MM-DD-YYYY'), 0);
insert into Reservation_detail values ('103', '011', to_date('12-12-2016','MM-DD-YYYY'), 0);
insert into Reservation_detail values ('104', '011', to_date('12-12-2016','MM-DD-YYYY'), 0);
insert into Reservation_detail values ('105', '011', to_date('12-12-2016','MM-DD-YYYY'), 0);
insert into Reservation_detail values ('106', '011', to_date('12-12-2016','MM-DD-YYYY'), 0);
insert into Reservation_detail values ('107', '011', to_date('12-12-2016','MM-DD-YYYY'), 0);
insert into Reservation_detail values ('108', '011', to_date('12-12-2016','MM-DD-YYYY'), 0);
insert into Reservation_detail values ('109', '011', to_date('12-12-2016','MM-DD-YYYY'), 0);
insert into Reservation_detail values ('110', '011', to_date('12-12-2016','MM-DD-YYYY'), 0);
insert into Reservation_detail values ('111', '011', to_date('12-12-2016','MM-DD-YYYY'), 0);
insert into Reservation_detail values ('112', '011', to_date('12-12-2016','MM-DD-YYYY'), 0);
insert into Reservation_detail values ('113', '011', to_date('12-12-2016','MM-DD-YYYY'), 0);
insert into Reservation_detail values ('114', '011', to_date('12-12-2016','MM-DD-YYYY'), 0);
insert into Reservation_detail values ('115', '011', to_date('12-12-2016','MM-DD-YYYY'), 0);
insert into Reservation_detail values ('116', '011', to_date('12-12-2016','MM-DD-YYYY'), 0);
insert into Reservation_detail values ('117', '011', to_date('12-12-2016','MM-DD-YYYY'), 0);
insert into Reservation_detail values ('118', '011', to_date('12-12-2016','MM-DD-YYYY'), 0);
insert into Reservation_detail values ('119', '011', to_date('12-12-2016','MM-DD-YYYY'), 0);
insert into Reservation_detail values ('120', '011', to_date('12-12-2016','MM-DD-YYYY'), 0);
insert into Reservation_detail values ('121', '011', to_date('12-12-2016','MM-DD-YYYY'), 0);
insert into Reservation_detail values ('122', '011', to_date('12-12-2016','MM-DD-YYYY'), 0);
insert into Reservation_detail values ('123', '011', to_date('12-12-2016','MM-DD-YYYY'), 0);
insert into Reservation_detail values ('124', '011', to_date('12-12-2016','MM-DD-YYYY'), 0);
insert into Reservation_detail values ('125', '011', to_date('12-12-2016','MM-DD-YYYY'), 0);
insert into Reservation_detail values ('126', '011', to_date('12-12-2016','MM-DD-YYYY'), 0);
insert into Reservation_detail values ('127', '011', to_date('12-12-2016','MM-DD-YYYY'), 0);
insert into Reservation_detail values ('128', '011', to_date('12-12-2016','MM-DD-YYYY'), 0);
insert into Reservation_detail values ('129', '011', to_date('12-12-2016','MM-DD-YYYY'), 0);
insert into Reservation_detail values ('130', '011', to_date('12-12-2016','MM-DD-YYYY'), 0);
insert into Reservation_detail values ('131', '011', to_date('12-12-2016','MM-DD-YYYY'), 0);
insert into Reservation_detail values ('132', '011', to_date('12-12-2016','MM-DD-YYYY'), 0);
insert into Reservation_detail values ('133', '011', to_date('12-12-2016','MM-DD-YYYY'), 0);
insert into Reservation_detail values ('134', '011', to_date('12-12-2016','MM-DD-YYYY'), 0);
insert into Reservation_detail values ('135', '011', to_date('12-12-2016','MM-DD-YYYY'), 0);
insert into Reservation_detail values ('136', '011', to_date('12-12-2016','MM-DD-YYYY'), 0);
insert into Reservation_detail values ('137', '011', to_date('12-12-2016','MM-DD-YYYY'), 0);
insert into Reservation_detail values ('138', '011', to_date('12-12-2016','MM-DD-YYYY'), 0);
insert into Reservation_detail values ('139', '011', to_date('12-12-2016','MM-DD-YYYY'), 0);
insert into Reservation_detail values ('140', '011', to_date('12-12-2016','MM-DD-YYYY'), 0);
insert into Reservation_detail values ('141', '011', to_date('12-12-2016','MM-DD-YYYY'), 0);
insert into Reservation_detail values ('142', '011', to_date('12-12-2016','MM-DD-YYYY'), 0);
insert into Reservation_detail values ('143', '011', to_date('12-12-2016','MM-DD-YYYY'), 0);
insert into Reservation_detail values ('144', '011', to_date('12-12-2016','MM-DD-YYYY'), 0);
insert into Reservation_detail values ('145', '011', to_date('12-12-2016','MM-DD-YYYY'), 0);
insert into Reservation_detail values ('146', '011', to_date('12-12-2016','MM-DD-YYYY'), 0);
insert into Reservation_detail values ('147', '011', to_date('12-12-2016','MM-DD-YYYY'), 0);
insert into Reservation_detail values ('148', '011', to_date('12-12-2016','MM-DD-YYYY'), 0);
insert into Reservation_detail values ('149', '011', to_date('12-12-2016','MM-DD-YYYY'), 0);
insert into Reservation_detail values ('150', '011', to_date('12-12-2016','MM-DD-YYYY'), 0);
insert into Reservation_detail values ('151', '011', to_date('12-12-2016','MM-DD-YYYY'), 0);
insert into Reservation_detail values ('152', '011', to_date('12-12-2016','MM-DD-YYYY'), 0);
insert into Reservation_detail values ('153', '011', to_date('12-12-2016','MM-DD-YYYY'), 0);
insert into Reservation_detail values ('154', '011', to_date('12-12-2016','MM-DD-YYYY'), 0);
insert into Reservation_detail values ('155', '011', to_date('12-12-2016','MM-DD-YYYY'), 0);
insert into Reservation_detail values ('156', '011', to_date('12-12-2016','MM-DD-YYYY'), 0);
insert into Reservation_detail values ('157', '011', to_date('12-12-2016','MM-DD-YYYY'), 0);
insert into Reservation_detail values ('158', '011', to_date('12-12-2016','MM-DD-YYYY'), 0);
insert into Reservation_detail values ('159', '011', to_date('12-12-2016','MM-DD-YYYY'), 0);
insert into Reservation_detail values ('160', '011', to_date('12-12-2016','MM-DD-YYYY'), 0);
insert into Reservation_detail values ('161', '011', to_date('12-12-2016','MM-DD-YYYY'), 0);
insert into Reservation_detail values ('162', '011', to_date('12-12-2016','MM-DD-YYYY'), 0);
insert into Reservation_detail values ('163', '011', to_date('12-12-2016','MM-DD-YYYY'), 0);
insert into Reservation_detail values ('164', '011', to_date('12-12-2016','MM-DD-YYYY'), 0);
insert into Reservation_detail values ('165', '011', to_date('12-12-2016','MM-DD-YYYY'), 0);
insert into Reservation_detail values ('166', '011', to_date('12-12-2016','MM-DD-YYYY'), 0);
insert into Reservation_detail values ('167', '011', to_date('12-12-2016','MM-DD-YYYY'), 0);
insert into Reservation_detail values ('168', '011', to_date('12-12-2016','MM-DD-YYYY'), 0);
insert into Reservation_detail values ('169', '011', to_date('12-12-2016','MM-DD-YYYY'), 0);
insert into Reservation_detail values ('170', '011', to_date('12-12-2016','MM-DD-YYYY'), 0);
insert into Reservation_detail values ('171', '011', to_date('12-12-2016','MM-DD-YYYY'), 0);
insert into Reservation_detail values ('172', '011', to_date('12-12-2016','MM-DD-YYYY'), 0);
insert into Reservation_detail values ('173', '011', to_date('12-12-2016','MM-DD-YYYY'), 0);
insert into Reservation_detail values ('174', '011', to_date('12-12-2016','MM-DD-YYYY'), 0);
insert into Reservation_detail values ('175', '011', to_date('12-12-2016','MM-DD-YYYY'), 0);
insert into Reservation_detail values ('176', '011', to_date('12-12-2016','MM-DD-YYYY'), 0);
insert into Reservation_detail values ('177', '011', to_date('12-12-2016','MM-DD-YYYY'), 0);
insert into Reservation_detail values ('178', '011', to_date('12-12-2016','MM-DD-YYYY'), 0);
insert into Reservation_detail values ('179', '011', to_date('12-12-2016','MM-DD-YYYY'), 0);
insert into Reservation_detail values ('180', '011', to_date('12-12-2016','MM-DD-YYYY'), 0);
insert into Reservation_detail values ('181', '011', to_date('12-12-2016','MM-DD-YYYY'), 0);
insert into Reservation_detail values ('182', '011', to_date('12-12-2016','MM-DD-YYYY'), 0);
insert into Reservation_detail values ('183', '011', to_date('12-12-2016','MM-DD-YYYY'), 0);
insert into Reservation_detail values ('184', '011', to_date('12-12-2016','MM-DD-YYYY'), 0);
insert into Reservation_detail values ('185', '011', to_date('12-12-2016','MM-DD-YYYY'), 0);
insert into Reservation_detail values ('186', '011', to_date('12-12-2016','MM-DD-YYYY'), 0);
insert into Reservation_detail values ('187', '011', to_date('12-12-2016','MM-DD-YYYY'), 0);
insert into Reservation_detail values ('188', '011', to_date('12-12-2016','MM-DD-YYYY'), 0);
insert into Reservation_detail values ('189', '011', to_date('12-12-2016','MM-DD-YYYY'), 0);
insert into Reservation_detail values ('190', '011', to_date('12-12-2016','MM-DD-YYYY'), 0);
insert into Reservation_detail values ('191', '011', to_date('12-12-2016','MM-DD-YYYY'), 0);
insert into Reservation_detail values ('192', '011', to_date('12-12-2016','MM-DD-YYYY'), 0);
insert into Reservation_detail values ('193', '011', to_date('12-12-2016','MM-DD-YYYY'), 0);
insert into Reservation_detail values ('194', '011', to_date('12-12-2016','MM-DD-YYYY'), 0);
insert into Reservation_detail values ('195', '011', to_date('12-12-2016','MM-DD-YYYY'), 0);
insert into Reservation_detail values ('196', '011', to_date('12-12-2016','MM-DD-YYYY'), 0);
insert into Reservation_detail values ('197', '011', to_date('12-12-2016','MM-DD-YYYY'), 0);
insert into Reservation_detail values ('198', '011', to_date('12-12-2016','MM-DD-YYYY'), 0);
insert into Reservation_detail values ('199', '011', to_date('12-12-2016','MM-DD-YYYY'), 0);
insert into Reservation_detail values ('200', '011', to_date('12-12-2016','MM-DD-YYYY'), 0);
insert into Reservation_detail values ('201', '017', to_date('12-12-2016','MM-DD-YYYY'), 0);
insert into Reservation_detail values ('202', '017', to_date('12-12-2016','MM-DD-YYYY'), 0);
insert into Reservation_detail values ('203', '017', to_date('12-12-2016','MM-DD-YYYY'), 0);
insert into Reservation_detail values ('204', '017', to_date('12-12-2016','MM-DD-YYYY'), 0);
insert into Reservation_detail values ('205', '017', to_date('12-12-2016','MM-DD-YYYY'), 0);
insert into Reservation_detail values ('206', '017', to_date('12-12-2016','MM-DD-YYYY'), 0);
insert into Reservation_detail values ('207', '017', to_date('12-12-2016','MM-DD-YYYY'), 0);
insert into Reservation_detail values ('208', '017', to_date('12-12-2016','MM-DD-YYYY'), 0);
insert into Reservation_detail values ('209', '017', to_date('12-12-2016','MM-DD-YYYY'), 0);
insert into Reservation_detail values ('210', '017', to_date('12-12-2016','MM-DD-YYYY'), 0);
insert into Reservation_detail values ('211', '017', to_date('12-12-2016','MM-DD-YYYY'), 0);
insert into Reservation_detail values ('212', '017', to_date('12-12-2016','MM-DD-YYYY'), 0);
insert into Reservation_detail values ('213', '017', to_date('12-12-2016','MM-DD-YYYY'), 0);
insert into Reservation_detail values ('214', '017', to_date('12-12-2016','MM-DD-YYYY'), 0);
insert into Reservation_detail values ('215', '017', to_date('12-12-2016','MM-DD-YYYY'), 0);
insert into Reservation_detail values ('216', '017', to_date('12-12-2016','MM-DD-YYYY'), 0);
insert into Reservation_detail values ('217', '017', to_date('12-12-2016','MM-DD-YYYY'), 0);
insert into Reservation_detail values ('218', '017', to_date('12-12-2016','MM-DD-YYYY'), 0);
insert into Reservation_detail values ('219', '017', to_date('12-12-2016','MM-DD-YYYY'), 0);
insert into Reservation_detail values ('220', '017', to_date('12-12-2016','MM-DD-YYYY'), 0);
insert into Reservation_detail values ('221', '017', to_date('12-12-2016','MM-DD-YYYY'), 0);
insert into Reservation_detail values ('222', '017', to_date('12-12-2016','MM-DD-YYYY'), 0);
insert into Reservation_detail values ('223', '017', to_date('12-12-2016','MM-DD-YYYY'), 0);
insert into Reservation_detail values ('224', '017', to_date('12-12-2016','MM-DD-YYYY'), 0);
insert into Reservation_detail values ('225', '017', to_date('12-12-2016','MM-DD-YYYY'), 0);
insert into Reservation_detail values ('226', '017', to_date('12-12-2016','MM-DD-YYYY'), 0);
insert into Reservation_detail values ('227', '017', to_date('12-12-2016','MM-DD-YYYY'), 0);
insert into Reservation_detail values ('228', '017', to_date('12-12-2016','MM-DD-YYYY'), 0);
insert into Reservation_detail values ('229', '017', to_date('12-12-2016','MM-DD-YYYY'), 0);
insert into Reservation_detail values ('230', '017', to_date('12-12-2016','MM-DD-YYYY'), 0);
insert into Reservation_detail values ('231', '017', to_date('12-12-2016','MM-DD-YYYY'), 0);
insert into Reservation_detail values ('232', '017', to_date('12-12-2016','MM-DD-YYYY'), 0);
insert into Reservation_detail values ('233', '017', to_date('12-12-2016','MM-DD-YYYY'), 0);
insert into Reservation_detail values ('234', '017', to_date('12-12-2016','MM-DD-YYYY'), 0);
insert into Reservation_detail values ('235', '017', to_date('12-12-2016','MM-DD-YYYY'), 0);
insert into Reservation_detail values ('236', '017', to_date('12-12-2016','MM-DD-YYYY'), 0);
insert into Reservation_detail values ('237', '017', to_date('12-12-2016','MM-DD-YYYY'), 0);
insert into Reservation_detail values ('238', '017', to_date('12-12-2016','MM-DD-YYYY'), 0);
insert into Reservation_detail values ('239', '017', to_date('12-12-2016','MM-DD-YYYY'), 0);
insert into Reservation_detail values ('240', '017', to_date('12-12-2016','MM-DD-YYYY'), 0);
insert into Reservation_detail values ('241', '017', to_date('12-12-2016','MM-DD-YYYY'), 0);
insert into Reservation_detail values ('242', '017', to_date('12-12-2016','MM-DD-YYYY'), 0);
insert into Reservation_detail values ('243', '017', to_date('12-12-2016','MM-DD-YYYY'), 0);
insert into Reservation_detail values ('244', '017', to_date('12-12-2016','MM-DD-YYYY'), 0);
insert into Reservation_detail values ('245', '017', to_date('12-12-2016','MM-DD-YYYY'), 0);
insert into Reservation_detail values ('246', '017', to_date('12-12-2016','MM-DD-YYYY'), 0);
insert into Reservation_detail values ('247', '017', to_date('12-12-2016','MM-DD-YYYY'), 0);
insert into Reservation_detail values ('248', '017', to_date('12-12-2016','MM-DD-YYYY'), 0);
insert into Reservation_detail values ('249', '017', to_date('12-12-2016','MM-DD-YYYY'), 0);
insert into Reservation_detail values ('250', '017', to_date('12-12-2016','MM-DD-YYYY'), 0);
insert into Reservation_detail values ('251', '017', to_date('12-12-2016','MM-DD-YYYY'), 0);
insert into Reservation_detail values ('252', '017', to_date('12-12-2016','MM-DD-YYYY'), 0);
insert into Reservation_detail values ('253', '017', to_date('12-12-2016','MM-DD-YYYY'), 0);
insert into Reservation_detail values ('254', '017', to_date('12-12-2016','MM-DD-YYYY'), 0);
insert into Reservation_detail values ('255', '017', to_date('12-12-2016','MM-DD-YYYY'), 0);
insert into Reservation_detail values ('256', '017', to_date('12-12-2016','MM-DD-YYYY'), 0);
insert into Reservation_detail values ('257', '017', to_date('12-12-2016','MM-DD-YYYY'), 0);
insert into Reservation_detail values ('258', '017', to_date('12-12-2016','MM-DD-YYYY'), 0);
insert into Reservation_detail values ('259', '017', to_date('12-12-2016','MM-DD-YYYY'), 0);
insert into Reservation_detail values ('260', '017', to_date('12-12-2016','MM-DD-YYYY'), 0);
insert into Reservation_detail values ('261', '017', to_date('12-12-2016','MM-DD-YYYY'), 0);
insert into Reservation_detail values ('262', '017', to_date('12-12-2016','MM-DD-YYYY'), 0);
insert into Reservation_detail values ('263', '017', to_date('12-12-2016','MM-DD-YYYY'), 0);
insert into Reservation_detail values ('264', '017', to_date('12-12-2016','MM-DD-YYYY'), 0);
insert into Reservation_detail values ('265', '017', to_date('12-12-2016','MM-DD-YYYY'), 0);
insert into Reservation_detail values ('266', '017', to_date('12-12-2016','MM-DD-YYYY'), 0);
insert into Reservation_detail values ('267', '017', to_date('12-12-2016','MM-DD-YYYY'), 0);
insert into Reservation_detail values ('268', '017', to_date('12-12-2016','MM-DD-YYYY'), 0);
insert into Reservation_detail values ('269', '017', to_date('12-12-2016','MM-DD-YYYY'), 0);
insert into Reservation_detail values ('270', '017', to_date('12-12-2016','MM-DD-YYYY'), 0);
insert into Reservation_detail values ('271', '017', to_date('12-12-2016','MM-DD-YYYY'), 0);
insert into Reservation_detail values ('272', '017', to_date('12-12-2016','MM-DD-YYYY'), 0);
insert into Reservation_detail values ('273', '017', to_date('12-12-2016','MM-DD-YYYY'), 0);
insert into Reservation_detail values ('274', '017', to_date('12-12-2016','MM-DD-YYYY'), 0);
insert into Reservation_detail values ('275', '017', to_date('12-12-2016','MM-DD-YYYY'), 0);
insert into Reservation_detail values ('276', '017', to_date('12-12-2016','MM-DD-YYYY'), 0);
insert into Reservation_detail values ('277', '017', to_date('12-12-2016','MM-DD-YYYY'), 0);
insert into Reservation_detail values ('278', '017', to_date('12-12-2016','MM-DD-YYYY'), 0);
insert into Reservation_detail values ('279', '017', to_date('12-12-2016','MM-DD-YYYY'), 0);
insert into Reservation_detail values ('280', '017', to_date('12-12-2016','MM-DD-YYYY'), 0);
insert into Reservation_detail values ('281', '017', to_date('12-12-2016','MM-DD-YYYY'), 0);
insert into Reservation_detail values ('282', '017', to_date('12-12-2016','MM-DD-YYYY'), 0);
insert into Reservation_detail values ('283', '017', to_date('12-12-2016','MM-DD-YYYY'), 0);
insert into Reservation_detail values ('284', '017', to_date('12-12-2016','MM-DD-YYYY'), 0);
insert into Reservation_detail values ('285', '017', to_date('12-12-2016','MM-DD-YYYY'), 0);
insert into Reservation_detail values ('286', '017', to_date('12-12-2016','MM-DD-YYYY'), 0);
insert into Reservation_detail values ('287', '017', to_date('12-12-2016','MM-DD-YYYY'), 0);
insert into Reservation_detail values ('288', '017', to_date('12-12-2016','MM-DD-YYYY'), 0);
insert into Reservation_detail values ('289', '017', to_date('12-12-2016','MM-DD-YYYY'), 0);
insert into Reservation_detail values ('290', '017', to_date('12-12-2016','MM-DD-YYYY'), 0);
insert into Reservation_detail values ('291', '017', to_date('12-12-2016','MM-DD-YYYY'), 0);
insert into Reservation_detail values ('292', '017', to_date('12-12-2016','MM-DD-YYYY'), 0);
insert into Reservation_detail values ('293', '017', to_date('12-12-2016','MM-DD-YYYY'), 0);
insert into Reservation_detail values ('294', '017', to_date('12-12-2016','MM-DD-YYYY'), 0);
insert into Reservation_detail values ('295', '017', to_date('12-12-2016','MM-DD-YYYY'), 0);
insert into Reservation_detail values ('296', '017', to_date('12-12-2016','MM-DD-YYYY'), 0);
insert into Reservation_detail values ('297', '017', to_date('12-12-2016','MM-DD-YYYY'), 0);
insert into Reservation_detail values ('298', '017', to_date('12-12-2016','MM-DD-YYYY'), 0);
insert into Reservation_detail values ('299', '017', to_date('12-12-2016','MM-DD-YYYY'), 0);
insert into Reservation_detail values ('300', '017', to_date('12-12-2016','MM-DD-YYYY'), 0);
commit;